key,date,precip_mm,precip_hours,precip_prob
supersport,2026-10-01,0.0,0.0,22
supersport,2026-10-02,0.0,0.0,0
supersport,2026-10-03,0.0,0.0,0
supersport,2026-10-04,0.3,3.0,37
supersport,2026-10-05,5.1,9.0,43
supersport,2026-10-06,1.2,9.0,64
supersport,2026-10-07,0.3,3.0,29
supersport,2026-10-08,0.0,0.0,33
supersport,2026-10-09,0.0,0.0,31
supersport,2026-10-10,0.6,6.0,20
supersport,2026-10-11,1.8,12.0,16
supersport,2026-10-12,0.0,0.0,11
supersport,2026-10-13,0.6,6.0,18
supersport,2026-10-14,3.0,6.0,12
supersport,2026-10-15,2.1,3.0,7
supersport,2026-10-16,,9.0,21
wanderers,2026-10-01,0.0,0.0,8
wanderers,2026-10-02,0.0,0.0,2
wanderers,2026-10-03,0.0,0.0,4
wanderers,2026-10-04,0.1,1.0,57
wanderers,2026-10-05,0.9,6.0,53
wanderers,2026-10-06,1.8,9.0,65
wanderers,2026-10-07,0.6,6.0,38
wanderers,2026-10-08,0.6,6.0,35
wanderers,2026-10-09,0.0,0.0,26
wanderers,2026-10-10,0.0,0.0,24
wanderers,2026-10-11,5.4,12.0,27
wanderers,2026-10-12,0.0,0.0,20
wanderers,2026-10-13,0.0,0.0,20
wanderers,2026-10-14,8.4,6.0,11
wanderers,2026-10-15,1.8,6.0,7
wanderers,2026-10-16,,3.0,21
kingsmead,2026-10-01,0.0,0.0,2
kingsmead,2026-10-02,0.0,0.0,0
kingsmead,2026-10-03,1.2,6.0,71
kingsmead,2026-10-04,1.1,4.0,74
kingsmead,2026-10-05,0.0,0.0,19
kingsmead,2026-10-06,0.0,0.0,11
kingsmead,2026-10-07,9.3,9.0,45
kingsmead,2026-10-08,8.1,3.0,45
kingsmead,2026-10-09,0.0,0.0,15
kingsmead,2026-10-10,0.6,6.0,10
kingsmead,2026-10-11,0.0,0.0,6
kingsmead,2026-10-12,0.0,0.0,4
kingsmead,2026-10-13,0.3,3.0,19
kingsmead,2026-10-14,0.6,6.0,19
kingsmead,2026-10-15,4.5,18.0,17
kingsmead,2026-10-16,,21.0,21
newlands,2026-10-01,0.0,0.0,0
newlands,2026-10-02,1.3,6.0,82
newlands,2026-10-03,0.0,0.0,0
newlands,2026-10-04,0.0,0.0,0
newlands,2026-10-05,0.0,0.0,4
newlands,2026-10-06,2.4,6.0,53
newlands,2026-10-07,0.0,0.0,13
newlands,2026-10-08,0.0,0.0,8
newlands,2026-10-09,0.0,0.0,2
newlands,2026-10-10,0.6,6.0,2
newlands,2026-10-11,0.0,0.0,4
newlands,2026-10-12,3.0,15.0,14
newlands,2026-10-13,1.2,9.0,23
newlands,2026-10-14,0.0,0.0,8
newlands,2026-10-15,0.0,0.0,2
newlands,2026-10-16,,0.0,7
mangaung,2026-10-01,0.0,0.0,0
mangaung,2026-10-02,0.0,0.0,0
mangaung,2026-10-03,0.0,0.0,8
mangaung,2026-10-04,0.0,0.0,45
mangaung,2026-10-05,0.6,6.0,23
mangaung,2026-10-06,0.0,0.0,33
mangaung,2026-10-07,6.0,6.0,43
mangaung,2026-10-08,0.0,0.0,24
mangaung,2026-10-09,0.0,0.0,14
mangaung,2026-10-10,0.0,0.0,11
mangaung,2026-10-11,0.6,6.0,14
mangaung,2026-10-12,0.3,3.0,10
mangaung,2026-10-13,0.3,3.0,20
mangaung,2026-10-14,0.0,0.0,13
mangaung,2026-10-15,0.15,3.0,12
mangaung,2026-10-16,,6.0,22
stgeorge,2026-10-01,0.0,0.0,0
stgeorge,2026-10-02,0.0,0.0,69
stgeorge,2026-10-03,33.3,24.0,100
stgeorge,2026-10-04,2.3,8.0,59
stgeorge,2026-10-05,0.0,0.0,10
stgeorge,2026-10-06,0.6,3.0,75
stgeorge,2026-10-07,13.8,21.0,75
stgeorge,2026-10-08,0.0,0.0,41
stgeorge,2026-10-09,0.0,0.0,12
stgeorge,2026-10-10,0.0,0.0,7
stgeorge,2026-10-11,0.0,0.0,6
stgeorge,2026-10-12,0.0,0.0,8
stgeorge,2026-10-13,0.0,0.0,7
stgeorge,2026-10-14,0.0,0.0,16
stgeorge,2026-10-15,3.6,6.0,23
stgeorge,2026-10-16,,0.0,26
bolandpark,2026-10-01,0.0,0.0,0
bolandpark,2026-10-02,1.2,6.0,53
bolandpark,2026-10-03,0.0,0.0,0
bolandpark,2026-10-04,0.0,0.0,0
bolandpark,2026-10-05,0.0,0.0,4
bolandpark,2026-10-06,6.3,9.0,49
bolandpark,2026-10-07,0.0,0.0,13
bolandpark,2026-10-08,0.0,0.0,9
bolandpark,2026-10-09,0.0,0.0,2
bolandpark,2026-10-10,0.0,0.0,3
bolandpark,2026-10-11,0.0,0.0,4
bolandpark,2026-10-12,1.2,12.0,16
bolandpark,2026-10-13,3.6,6.0,28
bolandpark,2026-10-14,0.0,0.0,10
bolandpark,2026-10-15,0.0,0.0,0
bolandpark,2026-10-16,,0.0,8
senwes,2026-10-01,0.0,0.0,0
senwes,2026-10-02,0.0,0.0,0
senwes,2026-10-03,0.2,2.0,2
senwes,2026-10-04,0.0,0.0,55
senwes,2026-10-05,0.6,6.0,51
senwes,2026-10-06,0.3,3.0,47
senwes,2026-10-07,0.6,6.0,33
senwes,2026-10-08,0.0,0.0,24
senwes,2026-10-09,0.0,0.0,17
senwes,2026-10-10,0.0,0.0,16
senwes,2026-10-11,2.4,12.0,22
senwes,2026-10-12,0.0,0.0,14
senwes,2026-10-13,0.0,0.0,14
senwes,2026-10-14,0.0,0.0,11
senwes,2026-10-15,0.0,0.0,10
senwes,2026-10-16,,0.0,15
buffalo,2026-10-01,0.0,0.0,0
buffalo,2026-10-02,0.0,0.0,0
buffalo,2026-10-03,5.9,12.0,96
buffalo,2026-10-04,4.7,12.0,90
buffalo,2026-10-05,0.0,0.0,12
buffalo,2026-10-06,0.0,0.0,58
buffalo,2026-10-07,20.4,12.0,63
buffalo,2026-10-08,0.0,0.0,53
buffalo,2026-10-09,0.0,0.0,12
buffalo,2026-10-10,0.0,0.0,12
buffalo,2026-10-11,0.0,0.0,6
buffalo,2026-10-12,0.0,0.0,9
buffalo,2026-10-13,0.0,0.0,20
buffalo,2026-10-14,0.0,0.0,30
buffalo,2026-10-15,2.7,9.0,32
buffalo,2026-10-16,,3.0,46
cityoval,2026-10-01,0.0,0.0,0
cityoval,2026-10-02,0.0,0.0,0
cityoval,2026-10-03,0.4,3.0,6
cityoval,2026-10-04,6.2,15.0,80
cityoval,2026-10-05,0.0,0.0,29
cityoval,2026-10-06,0.3,3.0,43
cityoval,2026-10-07,12.9,15.0,63
cityoval,2026-10-08,6.3,9.0,55
cityoval,2026-10-09,0.9,9.0,12
cityoval,2026-10-10,0.3,3.0,7
cityoval,2026-10-11,0.0,0.0,7
cityoval,2026-10-12,0.0,0.0,3
cityoval,2026-10-13,0.0,0.0,17
cityoval,2026-10-14,2.1,15.0,18
cityoval,2026-10-15,17.1,21.0,16
cityoval,2026-10-16,,18.0,37
willowmoore,2026-10-01,0.0,0.0,1
willowmoore,2026-10-02,0.0,0.0,0
willowmoore,2026-10-03,0.0,0.0,0
willowmoore,2026-10-04,3.4,6.0,51
willowmoore,2026-10-05,7.8,12.0,58
willowmoore,2026-10-06,1.2,6.0,65
willowmoore,2026-10-07,1.2,12.0,32
willowmoore,2026-10-08,0.6,6.0,29
willowmoore,2026-10-09,0.0,0.0,25
willowmoore,2026-10-10,0.0,0.0,20
willowmoore,2026-10-11,3.0,12.0,26
willowmoore,2026-10-12,0.0,0.0,18
willowmoore,2026-10-13,0.0,0.0,18
willowmoore,2026-10-14,13.2,6.0,11
willowmoore,2026-10-15,0.3,3.0,8
willowmoore,2026-10-16,,0.0,21
diamondoval,2026-10-01,0.0,0.0,0
diamondoval,2026-10-02,0.0,0.0,0
diamondoval,2026-10-03,0.0,0.0,31
diamondoval,2026-10-04,0.7,4.0,39
diamondoval,2026-10-05,0.6,6.0,13
diamondoval,2026-10-06,0.0,0.0,21
diamondoval,2026-10-07,4.2,6.0,32
diamondoval,2026-10-08,0.0,0.0,19
diamondoval,2026-10-09,0.0,0.0,8
diamondoval,2026-10-10,0.0,0.0,12
diamondoval,2026-10-11,0.6,6.0,14
diamondoval,2026-10-12,0.0,0.0,14
diamondoval,2026-10-13,0.0,0.0,11
diamondoval,2026-10-14,0.0,0.0,5
diamondoval,2026-10-15,0.3,3.0,13
diamondoval,2026-10-16,,3.0,21
recreationground,2026-10-01,0.0,0.0,0
recreationground,2026-10-02,0.1,1.0,84
recreationground,2026-10-03,1.0,5.0,91
recreationground,2026-10-04,0.0,0.0,14
recreationground,2026-10-05,0.0,0.0,4
recreationground,2026-10-06,1.5,6.0,94
recreationground,2026-10-07,3.6,15.0,86
recreationground,2026-10-08,0.0,0.0,32
recreationground,2026-10-09,0.0,0.0,6
recreationground,2026-10-10,0.0,0.0,5
recreationground,2026-10-11,0.0,0.0,3
recreationground,2026-10-12,0.0,0.0,14
recreationground,2026-10-13,0.0,0.0,21
recreationground,2026-10-14,0.0,0.0,22
recreationground,2026-10-15,0.6,6.0,13
recreationground,2026-10-16,,0.0,6
polokwane,2026-10-01,1.1,6.0,35
polokwane,2026-10-02,0.0,0.0,2
polokwane,2026-10-03,0.0,0.0,0
polokwane,2026-10-04,0.9,6.0,55
polokwane,2026-10-05,2.4,12.0,61
polokwane,2026-10-06,1.8,12.0,65
polokwane,2026-10-07,0.6,6.0,44
polokwane,2026-10-08,0.0,0.0,31
polokwane,2026-10-09,0.0,0.0,14
polokwane,2026-10-10,2.4,12.0,18
polokwane,2026-10-11,0.0,0.0,28
polokwane,2026-10-12,0.6,6.0,18
polokwane,2026-10-13,0.0,0.0,16
polokwane,2026-10-14,0.6,6.0,7
polokwane,2026-10-15,0.0,0.0,5
polokwane,2026-10-16,,0.0,10
uplands,2026-10-01,0.9,6.0,49
uplands,2026-10-02,0.0,0.0,10
uplands,2026-10-03,0.0,0.0,8
uplands,2026-10-04,11.6,9.0,55
uplands,2026-10-05,7.2,12.0,62
uplands,2026-10-06,9.6,18.0,81
uplands,2026-10-07,0.0,0.0,86
uplands,2026-10-08,2.1,15.0,52
uplands,2026-10-09,2.7,18.0,44
uplands,2026-10-10,3.0,15.0,31
uplands,2026-10-11,0.0,0.0,31
uplands,2026-10-12,0.0,0.0,14
uplands,2026-10-13,0.0,0.0,9
uplands,2026-10-14,0.0,0.0,17
uplands,2026-10-15,0.0,0.0,15
uplands,2026-10-16,,3.0,23
devilliers,2026-10-01,0.0,0.0,22
devilliers,2026-10-02,0.1,1.0,0
devilliers,2026-10-03,0.0,0.0,0
devilliers,2026-10-04,0.0,0.0,37
devilliers,2026-10-05,3.6,6.0,43
devilliers,2026-10-06,0.6,6.0,64
devilliers,2026-10-07,0.6,6.0,29
devilliers,2026-10-08,0.0,0.0,33
devilliers,2026-10-09,0.0,0.0,31
devilliers,2026-10-10,1.8,12.0,20
devilliers,2026-10-11,1.2,12.0,16
devilliers,2026-10-12,0.0,0.0,11
devilliers,2026-10-13,0.0,0.0,18
devilliers,2026-10-14,7.8,6.0,12
devilliers,2026-10-15,2.1,6.0,7
devilliers,2026-10-16,,9.0,21
nwcoval,2026-10-01,0.0,0.0,0
nwcoval,2026-10-02,0.0,0.0,0
nwcoval,2026-10-03,0.2,2.0,2
nwcoval,2026-10-04,0.0,0.0,55
nwcoval,2026-10-05,0.6,6.0,51
nwcoval,2026-10-06,0.3,3.0,47
nwcoval,2026-10-07,0.6,6.0,33
nwcoval,2026-10-08,0.0,0.0,24
nwcoval,2026-10-09,0.0,0.0,17
nwcoval,2026-10-10,0.0,0.0,16
nwcoval,2026-10-11,2.4,12.0,22
nwcoval,2026-10-12,0.0,0.0,14
nwcoval,2026-10-13,0.0,0.0,14
nwcoval,2026-10-14,0.0,0.0,11
nwcoval,2026-10-15,0.0,0.0,10
nwcoval,2026-10-16,,0.0,15
