key,venue,city,lat,lon
supersport,SuperSport Park,Centurion,-25.8601,28.1795
wanderers,The Wanderers Stadium,Johannesburg,-26.1317,28.0573
kingsmead,Kingsmead,Durban,-29.851,31.0293
newlands,Newlands,Cape Town,-33.9746,18.4689
mangaung,Mangaung Oval,Bloemfontein,-29.117,26.2085
stgeorge,St George's Park,Gqeberha,-33.964,25.6118
bolandpark,Boland Park,Paarl,-33.7365,18.9662
senwes,Senwes Park,Potchefstroom,-26.7134,27.0832
buffalo,Buffalo Park,East London,-33.0016,27.9007
cityoval,City Oval,Pietermaritzburg,-29.6006,30.3794
willowmoore,Willowmoore Park,Benoni,-26.1858,28.321
diamondoval,Diamond Oval,Kimberley,-28.7406,24.7601
recreationground,Recreation Ground,Oudtshoorn,-33.593,22.201
polokwane,Polokwane Cricket Club,Polokwane,-23.9045,29.4689
uplands,Uplands College,White River,-25.3318,31.0108
devilliers,LC de Villiers Oval,Pretoria,-25.7522,28.247
nwcoval,NWC Oval,Potchefstroom,-26.7134,27.0832
