season,competition,series_id,match_id,date,stage,state,team1,team2,team1_name,team2_name,venue,city,t1_runs,t1_wkts,t1_overs,t2_runs,t2_wkts,t2_overs,status,winner,bat_first,no_result,tied,slug
2018-19,T20 Challenge,2753,21213,2019-04-05 16:00,1st Match,complete,TIT,WAR,TITANS,WARRIORS,SuperSport Park,Centurion,216,5,20,60,,6,Warriors won by 4 runs (D/L method),WAR,TIT,0,0,tit-vs-war-1st-match-csa-t20-challenge-2019
2018-19,T20 Challenge,2753,21214,2019-04-06 16:00,2nd Match,complete,DOL,KNG,DOLPHINS,KNIGHTS,Kingsmead,Durban,134,6,18.3,133,8,20,Dolphins won by 4 wkts,DOL,KNG,0,0,dol-vs-kng-2nd-match-csa-t20-challenge-2019
2018-19,T20 Challenge,2753,21215,2019-04-07 12:30,3rd Match,complete,LIONS,WPR,LIONS,CAPE COBRAS,The Wanderers Stadium,Johannesburg,164,8,20,169,8,20,Cape Cobras won by 5 runs,WPR,WPR,0,0,lions-vs-cob-3rd-match-csa-t20-challenge-2019
2018-19,T20 Challenge,2753,21217,2019-04-09 16:00,4th Match,complete,KNG,WAR,KNIGHTS,WARRIORS,Diamond Oval,Kimberley,,,,,,,Match abandoned without a ball bowled(no toss),,,1,0,kng-vs-war-4th-match-csa-t20-challenge-2019
2018-19,T20 Challenge,2753,21216,2019-04-10 16:00,5th Match,complete,DOL,LIONS,DOLPHINS,LIONS,Kingsmead,Durban,141,9,20,159,5,20,Lions won by 18 runs,LIONS,LIONS,0,0,dol-vs-lions-5th-match-csa-t20-challenge-2019
2018-19,T20 Challenge,2753,21218,2019-04-10 16:00,6th Match,complete,TIT,WPR,TITANS,CAPE COBRAS,Willowmoore Park,Benoni,151,3,15.4,150,5,20,Titans won by 7 wkts,TIT,WPR,0,0,tit-vs-cob-6th-match-csa-t20-challenge-2019
2018-19,T20 Challenge,2753,21221,2019-04-12 16:00,9th Match,complete,TIT,DOL,TITANS,DOLPHINS,Willowmoore Park,Benoni,,,,,,,Match abandoned without a ball being bowled (no toss),,,1,0,tit-vs-dol-9th-match-csa-t20-challenge-2019
2018-19,T20 Challenge,2753,21220,2019-04-12 16:00,8th Match,complete,LIONS,KNG,LIONS,KNIGHTS,Senwes Park,Potchefstroom,150,7,20,110,9,20,Lions won by 40 runs,LIONS,LIONS,0,0,lions-vs-kng-8th-match-csa-t20-challenge-2019
2018-19,T20 Challenge,2753,21219,2019-04-12 16:00,7th Match,complete,WPR,WAR,CAPE COBRAS,WARRIORS,Boland Park,Paarl,,,,152,3,15.5,Cape Cobras won by 7 wkts,WPR,,0,0,cob-vs-war-7th-match-csa-t20-challenge-2019
2018-19,T20 Challenge,2753,21222,2019-04-14 12:30,10th Match,complete,WPR,DOL,CAPE COBRAS,DOLPHINS,Newlands,Cape Town,,,,144,5,20,Cape Cobras won by 8 runs,WPR,,0,0,cob-vs-dol-10th-match-csa-t20-challenge-2019
2018-19,T20 Challenge,2753,21223,2019-04-14 12:30,11th Match,complete,WAR,LIONS,WARRIORS,LIONS,Buffalo Park,East London,155,5,18.4,,,,No result,,WAR,1,0,war-vs-lions-11th-match-csa-t20-challenge-2019
2018-19,T20 Challenge,2753,21224,2019-04-14 12:30,12th Match,complete,KNG,TIT,KNIGHTS,TITANS,Diamond Oval,Kimberley,,,,136,4,17,No result,,TIT,1,0,kng-vs-tit-12th-match-csa-t20-challenge-2019
2018-19,T20 Challenge,2753,21225,2019-04-16 16:00,13th Match,complete,WPR,KNG,CAPE COBRAS,KNIGHTS,Newlands,Cape Town,,,,145,7,20,Cape Cobras won by 5 runs,WPR,,0,0,cob-vs-kng-13th-match-csa-t20-challenge-2019
2018-19,T20 Challenge,2753,21226,2019-04-17 16:00,14th Match,complete,DOL,WAR,DOLPHINS,WARRIORS,Kingsmead,Durban,,,,,,,Match abandoned without a ball being bowled,,,1,0,dol-vs-war-14th-match-csa-t20-challenge-2019
2018-19,T20 Challenge,2753,21227,2019-04-18 16:00,15th Match,complete,LIONS,TIT,LIONS,TITANS,The Wanderers Stadium,Johannesburg,181,4,20,162,9,20,Lions won by 19 runs,LIONS,LIONS,0,0,lions-vs-tit-15th-match-csa-t20-challenge-2019
2018-19,T20 Challenge,2753,21229,2019-04-20 08:00,17th Match,complete,DOL,TIT,DOLPHINS,TITANS,City Oval,Pietermaritzburg,185,4,20,191,2,18.5,Titans won by 8 wkts,TIT,DOL,0,0,dol-vs-tit-17th-match-csa-t20-challenge-2019
2018-19,T20 Challenge,2753,21228,2019-04-20 16:00,16th Match,complete,WAR,WPR,WARRIORS,CAPE COBRAS,St George's Park,Gqeberha,189,10,19.5,179,7,20,Warriors won by 10 runs,WAR,WAR,0,0,war-vs-cob-16th-match-csa-t20-challenge-2019
2018-19,T20 Challenge,2753,21230,2019-04-20 16:00,18th Match,complete,KNG,LIONS,KNIGHTS,LIONS,Diamond Oval,Kimberley,,,,,,,Match abandoned without a ball being bowled (no toss),,,1,0,kng-vs-lions-18th-match-csa-t20-challenge-2019
2018-19,T20 Challenge,2753,21231,2019-04-22 12:30,19th Match,complete,WAR,TIT,WARRIORS,TITANS,Buffalo Park,East London,,,,,,,Match abandoned without a ball being bowled (no toss),,,1,0,war-vs-tit-19th-match-csa-t20-challenge-2019
2018-19,T20 Challenge,2753,21232,2019-04-22 12:30,20th Match,complete,KNG,WPR,KNIGHTS,CAPE COBRAS,Mangaung Oval,Bloemfontein,,,,,,,Match abandoned without a ball being bowled (no toss),,,1,0,kng-vs-cob-20th-match-csa-t20-challenge-2019
2018-19,T20 Challenge,2753,21233,2019-04-22 12:30,21st Match,complete,LIONS,DOL,LIONS,DOLPHINS,Senwes Park,Potchefstroom,,,,,,,Match abandoned without a ball being bowled (no toss),,,1,0,lions-vs-dol-21st-match-csa-t20-challenge-2019
2018-19,T20 Challenge,2753,21234,2019-04-24 16:00,22nd Match,complete,WPR,TIT,CAPE COBRAS,TITANS,Boland Park,Paarl,,,,183,7,18.5,Cape Cobras won by 3 wkts,WPR,,0,0,cob-vs-tit-22nd-match-csa-t20-challenge-2019
2018-19,T20 Challenge,2753,21235,2019-04-24 16:00,23rd Match,complete,KNG,DOL,KNIGHTS,DOLPHINS,Mangaung Oval,Bloemfontein,,,,,,,Match abandoned without a ball bowled due to wet outfield,,,1,0,kng-vs-dol-23rd-match-csa-t20-challenge-2019
2018-19,T20 Challenge,2753,21236,2019-04-24 16:00,24th Match,complete,LIONS,WAR,LIONS,WARRIORS,The Wanderers Stadium,Johannesburg,144,6,20,145,1,14.3,Warriors won by 9 wkts,WAR,LIONS,0,0,lions-vs-war-24th-match-csa-t20-challenge-2019
2018-19,T20 Challenge,2753,21239,2019-04-26 16:00,27th Match,complete,TIT,KNG,TITANS,KNIGHTS,SuperSport Park,Centurion,150,4,19.2,148,8,20,Titans won by 6 wkts,TIT,KNG,0,0,tit-vs-kng-27th-match-csa-t20-challenge-2019
2018-19,T20 Challenge,2753,21238,2019-04-26 16:00,26th Match,complete,WAR,DOL,WARRIORS,DOLPHINS,St George's Park,Gqeberha,153,7,20,154,3,18.2,Dolphins won by 7 wkts,DOL,WAR,0,0,war-vs-dol-26th-match-csa-t20-challenge-2019
2018-19,T20 Challenge,2753,21237,2019-04-26 16:00,25th Match,complete,WPR,LIONS,CAPE COBRAS,LIONS,Newlands,Cape Town,,,,134,4,15.5,Lions won by 6 wkts,LIONS,,0,0,cob-vs-lions-25th-match-csa-t20-challenge-2019
2018-19,T20 Challenge,2753,21240,2019-04-28 12:30,28th Match,complete,WAR,KNG,WARRIORS,KNIGHTS,Buffalo Park,East London,99,6,17.1,96,7,20,Warriors won by 4 wkts,WAR,KNG,0,0,war-vs-kng-28th-match-csa-t20-challenge-2019
2018-19,T20 Challenge,2753,21241,2019-04-28 12:30,29th Match,complete,DOL,WPR,DOLPHINS,CAPE COBRAS,Kingsmead,Durban,124,5,15.1,121,7,20,Dolphins won by 5 wkts,DOL,WPR,0,0,dol-vs-cob-29th-match-csa-t20-challenge-2019
2018-19,T20 Challenge,2753,21242,2019-04-28 12:30,30th Match,complete,TIT,LIONS,TITANS,LIONS,SuperSport Park,Centurion,148,7,20,149,6,19,Lions won by 4 wkts,LIONS,TIT,0,0,tit-vs-lions-30th-match-csa-t20-challenge-2019
2018-19,T20 Challenge,2753,21243,2019-05-01 10:00,1st Semi-Final,complete,LIONS,DOL,LIONS,DOLPHINS,The Wanderers Stadium,Johannesburg,164,2,18.4,163,8,20,Lions won by 8 wkts,LIONS,DOL,0,0,lions-vs-dol-1st-semi-final-csa-t20-challenge-2019
2018-19,T20 Challenge,2753,21244,2019-05-01 14:30,2nd Semi-Final,complete,WAR,WPR,WARRIORS,CAPE COBRAS,Buffalo Park,East London,172,7,20,157,8,20,Warriors won by 15 runs,WAR,WAR,0,0,war-vs-cob-2nd-semi-final-csa-t20-challenge-2019
2018-19,T20 Challenge,2753,21245,2019-05-05 12:30,Final,complete,LIONS,WAR,LIONS,WARRIORS,The Wanderers Stadium,Johannesburg,203,4,20,192,10,19.2,Lions won by 11 runs,LIONS,LIONS,0,0,lions-vs-war-final-csa-t20-challenge-2019
2020-21,T20 Challenge,3315,31430,2021-02-19 08:00,1st Match,complete,TIT,KNG,TITANS,KNIGHTS,Kingsmead,Durban,120,4,17.1,116,10,16.2,Titans won by 6 wkts,TIT,KNG,0,0,tit-vs-kng-1st-match-csa-t20-challenge-2021
2020-21,T20 Challenge,3315,31435,2021-02-19 12:30,2nd Match,complete,DOL,WPR,DOLPHINS,CAPE COBRAS,Kingsmead,Durban,155,8,20,141,7,20,Dolphins won by 14 runs,DOL,DOL,0,0,dol-vs-cob-2nd-match-csa-t20-challenge-2021
2020-21,T20 Challenge,3315,31440,2021-02-20 08:00,3rd Match,complete,LIONS,WAR,LIONS,WARRIORS,Kingsmead,Durban,159,6,19.2,157,10,19.5,Lions won by 4 wkts,LIONS,WAR,0,0,lions-vs-war-3rd-match-csa-t20-challenge-2021
2020-21,T20 Challenge,3315,31444,2021-02-20 12:30,4th Match,complete,KNG,DOL,KNIGHTS,DOLPHINS,Kingsmead,Durban,144,5,20,145,6,18.1,Dolphins won by 4 wkts,DOL,KNG,0,0,kng-vs-dol-4th-match-csa-t20-challenge-2021
2020-21,T20 Challenge,3315,31449,2021-02-21 08:00,5th Match,complete,WPR,TIT,CAPE COBRAS,TITANS,Kingsmead,Durban,,,,132,10,20,Titans won by 16 runs,TIT,,0,0,cob-vs-tit-5th-match-csa-t20-challenge-2021
2020-21,T20 Challenge,3315,31454,2021-02-21 12:30,6th Match,complete,WAR,DOL,WARRIORS,DOLPHINS,Kingsmead,Durban,143,5,20,128,2,18,"Dolphins won by 3 runs(DLS Method, due to rain)",DOL,WAR,0,0,war-vs-dol-6th-match-csa-t20-challenge-2021
2020-21,T20 Challenge,3315,31455,2021-02-22 08:00,7th Match,complete,KNG,WPR,KNIGHTS,CAPE COBRAS,Kingsmead,Durban,169,7,20,167,5,20,Knights won by 3 wkts,KNG,WPR,0,0,kng-vs-cob-7th-match-csa-t20-challenge-2021
2020-21,T20 Challenge,3315,31459,2021-02-22 12:30,8th Match,complete,TIT,LIONS,TITANS,LIONS,Kingsmead,Durban,112,8,15,124,4,16.2,Lions won by 18 runs - 2nd Innings reduced to 15 overs target 131 (DLS method),LIONS,LIONS,0,0,tit-vs-lions-8th-match-csa-t20-challenge-2021
2020-21,T20 Challenge,3315,31460,2021-02-23 08:00,9th Match,complete,WAR,WPR,WARRIORS,CAPE COBRAS,Kingsmead,Durban,157,10,19.2,181,5,20,Cape Cobras won by 24 runs,WPR,WPR,0,0,war-vs-cob-9th-match-csa-t20-challenge-2021
2020-21,T20 Challenge,3315,31465,2021-02-23 12:30,10th Match,complete,LIONS,KNG,LIONS,KNIGHTS,Kingsmead,Durban,110,3,18.1,106,10,20,Lions won by 7 wkts,LIONS,KNG,0,0,lions-vs-kng-10th-match-csa-t20-challenge-2021
2020-21,T20 Challenge,3315,31470,2021-02-24 08:00,11th Match,complete,TIT,WAR,TITANS,WARRIORS,Kingsmead,Durban,114,9,20,157,9,20,Warriors won by 43 runs,WAR,WAR,0,0,tit-vs-war-11th-match-csa-t20-challenge-2021
2020-21,T20 Challenge,3315,31474,2021-02-24 12:30,12th Match,complete,DOL,LIONS,DOLPHINS,LIONS,Kingsmead,Durban,151,4,20,110,10,19.3,Dolphins won by 41 runs,DOL,DOL,0,0,dol-vs-lions-12th-match-csa-t20-challenge-2021
2020-21,T20 Challenge,3315,31479,2021-02-25 12:30,13th Match,complete,WAR,KNG,WARRIORS,KNIGHTS,Kingsmead,Durban,157,8,20,143,10,20,Warriors won by 14 runs,WAR,WAR,0,0,war-vs-kng-13th-match-csa-t20-challenge-2021
2020-21,T20 Challenge,3315,31484,2021-02-26 08:00,14th Match,complete,WPR,LIONS,CAPE COBRAS,LIONS,Kingsmead,Durban,,,,147,3,19.3,Lions won by 7 wkts,LIONS,,0,0,cob-vs-lions-14th-match-csa-t20-challenge-2021
2020-21,T20 Challenge,3315,31485,2021-02-26 12:30,15th Match,complete,DOL,TIT,DOLPHINS,TITANS,Kingsmead,Durban,151,6,20,144,6,20,Dolphins won by 7 runs,DOL,DOL,0,0,dol-vs-tit-15th-match-csa-t20-challenge-2021
2020-21,T20 Challenge,3315,31489,2021-02-27 12:30,Play-off,complete,LIONS,WAR,LIONS,WARRIORS,Kingsmead,Durban,142,3,19.1,141,6,20,Lions won by 7 wkts,LIONS,WAR,0,0,lions-vs-war-play-off-csa-t20-challenge-2021
2020-21,T20 Challenge,3315,35098,2021-02-28 13:00,Final,complete,DOL,LIONS,DOLPHINS,LIONS,Kingsmead,Durban,107,7,20,108,6,19,Lions won by 4 wkts,LIONS,DOL,0,0,dol-vs-lions-final-csa-t20-challenge-2021
2021-22,T20 Challenge,4006,43976,2022-02-07 08:00,1st Match,complete,WPR,BOL,WESTERN PROVINCE,ROCKS,St George's Park,Gqeberha,143,4,17,142,6,20,Western Province won by 6 wkts,WPR,BOL,0,0,wpr-vs-rocks-1st-match-csa-t20-challenge-2022
2021-22,T20 Challenge,4006,43981,2022-02-07 12:30,2nd Match,complete,TIT,WAR,TITANS,WARRIORS,St George's Park,Gqeberha,155,8,20,163,8,20,Warriors won by 8 runs,WAR,WAR,0,0,tit-vs-war-2nd-match-csa-t20-challenge-2022
2021-22,T20 Challenge,4006,43986,2022-02-08 08:00,3rd Match,complete,LIONS,NWEST,LIONS,NORTH WEST - EASTVAAL RENAULT DRAGONS,St George's Park,Gqeberha,125,5,20,136,6,20,North West won by 11 runs,NWEST,NWEST,0,0,lions-vs-nwest-3rd-match-csa-t20-challenge-2022
2021-22,T20 Challenge,4006,43991,2022-02-08 12:30,4th Match,complete,KNG,DOL,KNIGHTS,DOLPHINS,St George's Park,Gqeberha,128,5,20,130,2,18,Dolphins won by 8 wkts,DOL,KNG,0,0,kng-vs-dol-4th-match-csa-t20-challenge-2022
2021-22,T20 Challenge,4006,43996,2022-02-09 08:00,5th Match,complete,BOL,TIT,ROCKS,TITANS,St George's Park,Gqeberha,155,8,20,158,2,20,Titans won by 3 runs,TIT,TIT,0,0,rocks-vs-tit-5th-match-csa-t20-challenge-2022
2021-22,T20 Challenge,4006,44001,2022-02-09 12:30,6th Match,complete,WPR,WAR,WESTERN PROVINCE,WARRIORS,St George's Park,Gqeberha,164,3,17.1,163,5,20,Western Province won by 7 wkts,WPR,WAR,0,0,wpr-vs-war-6th-match-csa-t20-challenge-2022
2021-22,T20 Challenge,4006,44006,2022-02-10 08:00,7th Match,complete,NWEST,KNG,NORTH WEST - EASTVAAL RENAULT DRAGONS,KNIGHTS,St George's Park,Gqeberha,95,2,10.1,94,9,20,North West won by 8 wkts,NWEST,KNG,0,0,nwest-vs-kng-7th-match-csa-t20-challenge-2022
2021-22,T20 Challenge,4006,44011,2022-02-10 12:30,8th Match,complete,DOL,LIONS,DOLPHINS,LIONS,St George's Park,Gqeberha,148,8,20,156,8,20,Lions won by 8 runs,LIONS,LIONS,0,0,dol-vs-lions-8th-match-csa-t20-challenge-2022
2021-22,T20 Challenge,4006,44016,2022-02-12 08:00,9th Match,complete,WAR,DOL,WARRIORS,DOLPHINS,St George's Park,Gqeberha,191,6,20,211,5,20,Dolphins won by 20 runs,DOL,DOL,0,0,war-vs-dol-9th-match-csa-t20-challenge-2022
2021-22,T20 Challenge,4006,44021,2022-02-12 12:30,10th Match,complete,KNG,TIT,KNIGHTS,TITANS,St George's Park,Gqeberha,124,10,19,151,6,20,Titans won by 27 runs,TIT,TIT,0,0,kng-vs-tit-10th-match-csa-t20-challenge-2022
2021-22,T20 Challenge,4006,44026,2022-02-13 08:00,11th Match,complete,LIONS,WPR,LIONS,WESTERN PROVINCE,St George's Park,Gqeberha,140,5,20,141,5,19.1,Western Province won by 5 wkts,WPR,LIONS,0,0,lions-vs-wpr-11th-match-csa-t20-challenge-2022
2021-22,T20 Challenge,4006,44031,2022-02-13 12:30,12th Match,complete,BOL,NWEST,ROCKS,NORTH WEST - EASTVAAL RENAULT DRAGONS,St George's Park,Gqeberha,182,6,20,182,3,20,Match tied (Rocks won the Super Over),BOL,BOL,0,1,rocks-vs-nwest-12th-match-csa-t20-challenge-2022
2021-22,T20 Challenge,4006,44036,2022-02-14 08:00,13th Match,complete,TIT,DOL,TITANS,DOLPHINS,St George's Park,Gqeberha,137,3,16.3,134,4,19,Titans won by 7 wkts,TIT,DOL,0,0,tit-vs-dol-13th-match-csa-t20-challenge-2022
2021-22,T20 Challenge,4006,44041,2022-02-14 12:30,14th Match,complete,KNG,WAR,KNIGHTS,WARRIORS,St George's Park,Gqeberha,173,1,18.4,170,5,20,Knights won by 9 wkts,KNG,WAR,0,0,kng-vs-war-14th-match-csa-t20-challenge-2022
2021-22,T20 Challenge,4006,44046,2022-02-15 08:00,15th Match,complete,BOL,LIONS,ROCKS,LIONS,St George's Park,Gqeberha,160,4,20,116,10,17.2,Rocks won by 44 runs,BOL,BOL,0,0,rocks-vs-lions-15th-match-csa-t20-challenge-2022
2021-22,T20 Challenge,4006,44051,2022-02-15 12:30,16th Match,complete,NWEST,WPR,NORTH WEST - EASTVAAL RENAULT DRAGONS,WESTERN PROVINCE,St George's Park,Gqeberha,80,10,17.4,164,8,20,Western Province won by 84 runs,WPR,WPR,0,0,nwest-vs-wpr-16th-match-csa-t20-challenge-2022
2021-22,T20 Challenge,4006,44056,2022-02-17 08:00,17th Match,complete,TIT,LIONS,TITANS,LIONS,St George's Park,Gqeberha,152,3,18.1,148,6,20,Titans won by 7 wkts,TIT,LIONS,0,0,tit-vs-lions-17th-match-csa-t20-challenge-2022
2021-22,T20 Challenge,4006,44061,2022-02-17 12:30,18th Match,complete,WAR,BOL,WARRIORS,ROCKS,St George's Park,Gqeberha,156,6,20,160,7,19.4,Rocks won by 3 wkts,BOL,WAR,0,0,war-vs-rocks-18th-match-csa-t20-challenge-2022
2021-22,T20 Challenge,4006,44066,2022-02-18 08:00,19th Match,complete,KNG,WPR,KNIGHTS,WESTERN PROVINCE,St George's Park,Gqeberha,126,8,20,130,4,15.5,Western Province won by 6 wkts,WPR,KNG,0,0,kng-vs-wpr-19th-match-csa-t20-challenge-2022
2021-22,T20 Challenge,4006,44071,2022-02-18 12:30,20th Match,complete,DOL,NWEST,DOLPHINS,NORTH WEST - EASTVAAL RENAULT DRAGONS,St George's Park,Gqeberha,136,3,18.4,135,8,20,Dolphins won by 7 wkts,DOL,NWEST,0,0,dol-vs-nwest-20th-match-csa-t20-challenge-2022
2021-22,T20 Challenge,4006,44076,2022-02-19 08:00,21st Match,complete,WPR,TIT,WESTERN PROVINCE,TITANS,St George's Park,Gqeberha,140,5,20,144,3,19.3,Titans won by 7 wkts,TIT,WPR,0,0,wpr-vs-tit-21st-match-csa-t20-challenge-2022
2021-22,T20 Challenge,4006,44081,2022-02-19 12:30,22nd Match,complete,WAR,LIONS,WARRIORS,LIONS,St George's Park,Gqeberha,144,5,15.5,142,6,20,Warriors won by 5 wkts,WAR,LIONS,0,0,war-vs-lions-22nd-match-csa-t20-challenge-2022
2021-22,T20 Challenge,4006,44086,2022-02-20 08:00,23rd Match,complete,DOL,BOL,DOLPHINS,ROCKS,St George's Park,Gqeberha,111,9,20,119,9,20,Rocks won by 8 runs,BOL,BOL,0,0,dol-vs-rocks-23rd-match-csa-t20-challenge-2022
2021-22,T20 Challenge,4006,44091,2022-02-20 12:30,24th Match,complete,LIONS,KNG,LIONS,KNIGHTS,St George's Park,Gqeberha,130,5,19.1,127,8,20,Lions won by 5 wkts,LIONS,KNG,0,0,lions-vs-kng-24th-match-csa-t20-challenge-2022
2021-22,T20 Challenge,4006,44096,2022-02-22 08:00,25th Match,complete,NWEST,TIT,NORTH WEST - EASTVAAL RENAULT DRAGONS,TITANS,St George's Park,Gqeberha,134,7,20,167,4,20,Titans won by 33 runs,TIT,TIT,0,0,nwest-vs-tit-25th-match-csa-t20-challenge-2022
2021-22,T20 Challenge,4006,44101,2022-02-22 12:30,26th Match,complete,BOL,KNG,ROCKS,KNIGHTS,St George's Park,Gqeberha,161,2,20,164,6,20,Knights won by 3 runs,KNG,KNG,0,0,rocks-vs-kng-26th-match-csa-t20-challenge-2022
2021-22,T20 Challenge,4006,44106,2022-02-23 08:00,27th Match,complete,WPR,DOL,WESTERN PROVINCE,DOLPHINS,St George's Park,Gqeberha,83,10,15.4,148,5,20,Dolphins won by 65 runs,DOL,DOL,0,0,wpr-vs-dol-27th-match-csa-t20-challenge-2022
2021-22,T20 Challenge,4006,44111,2022-02-23 12:30,28th Match,complete,WAR,NWEST,WARRIORS,NORTH WEST - EASTVAAL RENAULT DRAGONS,St George's Park,Gqeberha,159,9,20,169,5,20,North West won by 10 runs,NWEST,NWEST,0,0,war-vs-nwest-28th-match-csa-t20-challenge-2022
2021-22,T20 Challenge,4006,44116,2022-02-25 08:00,1st Semi Final,complete,TIT,DOL,TITANS,DOLPHINS,St George's Park,Gqeberha,94,4,14.1,93,8,20,Titans won by 6 wkts,TIT,DOL,0,0,tit-vs-dol-1st-semi-final-csa-t20-challenge-2022
2021-22,T20 Challenge,4006,44121,2022-02-25 12:30,2nd Semi Final,complete,WPR,BOL,WESTERN PROVINCE,ROCKS,St George's Park,Gqeberha,118,10,19.5,121,3,18.1,Rocks won by 7 wkts,BOL,WPR,0,0,wpr-vs-rocks-2nd-semi-final-csa-t20-challenge-2022
2021-22,T20 Challenge,4006,44126,2022-02-27 11:00,Final,complete,TIT,BOL,TITANS,ROCKS,St George's Park,Gqeberha,123,9,20,138,6,20,Rocks won by 15 runs,BOL,BOL,0,0,tit-vs-rocks-final-csa-t20-challenge-2022
2022-23,T20 Challenge,4744,53588,2022-10-17 12:30,1st Match,complete,DOL,TIT,DOLPHINS,TITANS,Senwes Park,Potchefstroom,134,10,18.4,168,6,20,Titans won by 34 runs,TIT,TIT,0,0,dol-vs-tit-1st-match-csa-t20-challenge-2022-23
2022-23,T20 Challenge,4744,53595,2022-10-17 16:00,2nd Match,complete,NWEST,LIONS,NORTH WEST - EASTVAAL RENAULT DRAGONS,LIONS,Senwes Park,Potchefstroom,175,6,19.1,174,6,20,North West won by 4 wkts,NWEST,LIONS,0,0,nwest-vs-lions-2nd-match-csa-t20-challenge-2022-23
2022-23,T20 Challenge,4744,53602,2022-10-18 12:30,3rd Match,complete,WAR,KNG,WARRIORS,KNIGHTS,Senwes Park,Potchefstroom,134,9,20,21,3,2.5,No result due to bad weather,WAR,WAR,1,0,war-vs-kng-3rd-match-csa-t20-challenge-2022-23
2022-23,T20 Challenge,4744,53609,2022-10-18 16:00,4th Match,complete,BOL,WPR,ROCKS,WESTERN PROVINCE,Senwes Park,Potchefstroom,159,5,16.1,155,7,20,Rocks won by 5 wkts,BOL,WPR,0,0,rocks-vs-wpr-4th-match-csa-t20-challenge-2022-23
2022-23,T20 Challenge,4744,53616,2022-10-19 12:30,5th Match,complete,LIONS,TIT,LIONS,TITANS,Senwes Park,Potchefstroom,119,10,20,190,6,20,Titans won by 71 runs,TIT,TIT,0,0,lions-vs-tit-5th-match-csa-t20-challenge-2022-23
2022-23,T20 Challenge,4744,53623,2022-10-19 16:00,6th Match,complete,NWEST,DOL,NORTH WEST - EASTVAAL RENAULT DRAGONS,DOLPHINS,Senwes Park,Potchefstroom,133,9,20,163,5,20,Dolphins won by 30 runs,DOL,DOL,0,0,nwest-vs-dol-6th-match-csa-t20-challenge-2022-23
2022-23,T20 Challenge,4744,53630,2022-10-20 12:30,7th Match,complete,WPR,KNG,WESTERN PROVINCE,KNIGHTS,Senwes Park,Potchefstroom,42,2,5.4,119,1,13.5,Knights won by 9 wkts,KNG,WPR,0,0,wpr-vs-kng-7th-match-csa-t20-challenge-2022-23
2022-23,T20 Challenge,4744,53632,2022-10-20 16:00,8th Match,complete,BOL,WAR,ROCKS,WARRIORS,Senwes Park,Potchefstroom,162,6,20,165,4,20,Warriors won by 3 runs,WAR,WAR,0,0,rocks-vs-war-8th-match-csa-t20-challenge-2022-23
2022-23,T20 Challenge,4744,53637,2022-10-21 12:30,9th Match,complete,TIT,WPR,TITANS,WESTERN PROVINCE,Senwes Park,Potchefstroom,108,7,13,95,8,13,Titans won by 16 runs (DLS method),TIT,TIT,0,0,tit-vs-wpr-9th-match-csa-t20-challenge-2022-23
2022-23,T20 Challenge,4744,53644,2022-10-21 16:00,10th Match,complete,LIONS,WAR,LIONS,WARRIORS,Senwes Park,Potchefstroom,100,3,10.3,106,4,17,Lions won by 7 wkts (DLS method),LIONS,WAR,0,0,lions-vs-war-10th-match-csa-t20-challenge-2022-23
2022-23,T20 Challenge,4744,53646,2022-10-22 08:00,11th Match,complete,BOL,DOL,ROCKS,DOLPHINS,Senwes Park,Potchefstroom,87,3,11.2,136,7,20,Rocks won by 7 wkts (DLS method),BOL,DOL,0,0,rocks-vs-dol-11th-match-csa-t20-challenge-2022-23
2022-23,T20 Challenge,4744,53651,2022-10-22 12:30,12th Match,complete,TIT,NWEST,TITANS,NORTH WEST - EASTVAAL RENAULT DRAGONS,Senwes Park,Potchefstroom,135,5,17.3,134,8,20,Titans won by 5 wkts,TIT,NWEST,0,0,tit-vs-nwest-12th-match-csa-t20-challenge-2022-23
2022-23,T20 Challenge,4744,53653,2022-10-23 08:00,13th Match,complete,KNG,LIONS,KNIGHTS,LIONS,Senwes Park,Potchefstroom,158,9,20,,,,No result (due to rain),,KNG,1,0,kng-vs-lions-13th-match-csa-t20-challenge-2022-23
2022-23,T20 Challenge,4744,53660,2022-10-23 12:30,14th Match,complete,WAR,WPR,WARRIORS,WESTERN PROVINCE,Senwes Park,Potchefstroom,,,,,,,Match abandoned without a ball being bowled due to rain (no toss),,,1,0,war-vs-wpr-14th-match-csa-t20-challenge-2022-23
2022-23,T20 Challenge,4744,53667,2022-10-25 12:30,15th Match,complete,DOL,WAR,DOLPHINS,WARRIORS,Senwes Park,Potchefstroom,191,4,20,68,10,13.2,Dolphins won by 123 runs,DOL,DOL,0,0,dol-vs-war-15th-match-csa-t20-challenge-2022-23
2022-23,T20 Challenge,4744,53674,2022-10-25 16:00,16th Match,complete,TIT,BOL,TITANS,ROCKS,Senwes Park,Potchefstroom,103,7,17,121,8,20,Rocks won by 4 runs (DLS Method),BOL,BOL,0,0,tit-vs-rocks-16th-match-csa-t20-challenge-2022-23
2022-23,T20 Challenge,4744,53679,2022-10-26 12:30,17th Match,complete,LIONS,DOL,LIONS,DOLPHINS,Senwes Park,Potchefstroom,163,6,20,167,1,18.2,Dolphins won by 9 wkts,DOL,LIONS,0,0,lions-vs-dol-17th-match-csa-t20-challenge-2022-23
2022-23,T20 Challenge,4744,53686,2022-10-26 16:00,18th Match,complete,KNG,BOL,KNIGHTS,ROCKS,Senwes Park,Potchefstroom,179,6,20,175,10,19.4,Knights won by 4 runs,KNG,KNG,0,0,kng-vs-rocks-18th-match-csa-t20-challenge-2022-23
2022-23,T20 Challenge,4744,53693,2022-10-27 16:00,19th Match,complete,WPR,NWEST,WESTERN PROVINCE,NORTH WEST - EASTVAAL RENAULT DRAGONS,Senwes Park,Potchefstroom,164,5,18,137,6,18,Western Province won by 27 runs,WPR,WPR,0,0,wpr-vs-nwest-19th-match-csa-t20-challenge-2022-23
2022-23,T20 Challenge,4744,53695,2022-10-28 12:30,20th Match,complete,WAR,TIT,WARRIORS,TITANS,Senwes Park,Potchefstroom,119,7,20,120,8,19.3,Titans won by 2 wkts,TIT,WAR,0,0,war-vs-tit-20th-match-csa-t20-challenge-2022-23
2022-23,T20 Challenge,4744,53700,2022-10-28 16:00,21st Match,complete,DOL,KNG,DOLPHINS,KNIGHTS,Senwes Park,Potchefstroom,,,,100,9,17.1,No result due to rain,,KNG,1,0,dol-vs-kng-21st-match-csa-t20-challenge-2022-23
2022-23,T20 Challenge,4744,53702,2022-10-29 08:00,22nd Match,complete,NWEST,BOL,NORTH WEST - EASTVAAL RENAULT DRAGONS,ROCKS,Senwes Park,Potchefstroom,150,5,20,134,5,15.1,Rocks won by 5 wkts,BOL,NWEST,0,0,nwest-vs-rocks-22nd-match-csa-t20-challenge-2022-23
2022-23,T20 Challenge,4744,53707,2022-10-29 12:30,23rd Match,complete,DOL,WPR,DOLPHINS,WESTERN PROVINCE,Senwes Park,Potchefstroom,76,3,9.4,73,10,18,Dolphins won by 7 wkts,DOL,WPR,0,0,dol-vs-wpr-23rd-match-csa-t20-challenge-2022-23
2022-23,T20 Challenge,4744,53709,2022-10-30 12:30,24th Match,complete,NWEST,WAR,NORTH WEST - EASTVAAL RENAULT DRAGONS,WARRIORS,Senwes Park,Potchefstroom,156,7,20,166,4,20,Warriors won by 10 runs,WAR,WAR,0,0,nwest-vs-war-24th-match-csa-t20-challenge-2022-23
2022-23,T20 Challenge,4744,53716,2022-10-31 12:30,25th Match,complete,TIT,KNG,TITANS,KNIGHTS,Senwes Park,Potchefstroom,271,3,20,230,9,20,Titans won by 41 runs,TIT,TIT,0,0,tit-vs-kng-25th-match-csa-t20-challenge-2022-23
2022-23,T20 Challenge,4744,53721,2022-10-31 16:00,26th Match,complete,WPR,LIONS,WESTERN PROVINCE,LIONS,Senwes Park,Potchefstroom,128,9,20,160,8,20,Lions won by 32 runs,LIONS,LIONS,0,0,wpr-vs-lions-26th-match-csa-t20-challenge-2022-23
2022-23,T20 Challenge,4744,53728,2022-11-01 12:30,27th Match,complete,KNG,NWEST,KNIGHTS,NORTH WEST - EASTVAAL RENAULT DRAGONS,Senwes Park,Potchefstroom,132,10,16.4,154,6,20,North West won by 22 runs,NWEST,NWEST,0,0,kng-vs-nwest-27th-match-csa-t20-challenge-2022-23
2022-23,T20 Challenge,4744,53730,2022-11-01 16:00,28th Match,complete,LIONS,BOL,LIONS,ROCKS,Senwes Park,Potchefstroom,,,,,,,Match abandoned with a toss due to rain,,,1,0,lions-vs-rocks-28th-match-csa-t20-challenge-2022-23
2022-23,T20 Challenge,4744,53737,2022-11-02 12:30,Semi Final 1,complete,TIT,KNG,TITANS,KNIGHTS,Senwes Park,Potchefstroom,158,6,20,120,8,20,Titans won by 38 runs,TIT,TIT,0,0,tit-vs-kng-semi-final-1-csa-t20-challenge-2022-23
2022-23,T20 Challenge,4744,53742,2022-11-02 16:00,Semi Final 2,complete,DOL,BOL,DOLPHINS,ROCKS,Senwes Park,Potchefstroom,146,10,19.4,126,8,20,Dolphins won by 20 runs,DOL,DOL,0,0,dol-vs-rocks-semi-final-2-csa-t20-challenge-2022-23
2022-23,T20 Challenge,4744,53749,2022-11-05 12:30,Final,complete,TIT,DOL,TITANS,DOLPHINS,Senwes Park,Potchefstroom,165,6,19.4,162,3,20,Titans won by 4 wkts,TIT,DOL,0,0,tit-vs-dol-final-csa-t20-challenge-2022-23
2023-24,T20 Challenge,7663,90424,2024-03-08 16:00,1st Match,complete,WAR,KZNIN,WARRIORS,KWAZULU-NATAL INLAND TUSKERS,St George's Park,Gqeberha,125,10,20,88,10,16.4,Warriors won by 37 runs,WAR,WAR,0,0,war-vs-kznin-1st-match-csa-t20-challenge-2024
2023-24,T20 Challenge,7663,90428,2024-03-08 16:00,2nd Match,complete,DOL,WPR,DOLPHINS,WESTERN PROVINCE,Kingsmead,Durban,146,7,20,148,8,20,Western Province won by 2 runs,WPR,WPR,0,0,dol-vs-wpr-2nd-match-csa-t20-challenge-2024
2023-24,T20 Challenge,7663,90431,2024-03-08 16:00,3rd Match,complete,LIONS,BOL,LIONS,BOLAND,The Wanderers Stadium,Johannesburg,223,5,20,179,7,20,Lions won by 44 runs,LIONS,LIONS,0,0,lions-vs-bol-3rd-match-csa-t20-challenge-2024
2023-24,T20 Challenge,7663,90438,2024-03-08 16:00,4th Match,complete,TIT,NWEST,TITANS,NORTH WEST - EASTVAAL RENAULT DRAGONS,SuperSport Park,Centurion,169,7,20,156,8,20,Titans won by 13 runs,TIT,TIT,0,0,tit-vs-nwest-4th-match-csa-t20-challenge-2024
2023-24,T20 Challenge,7663,90452,2024-03-10 12:00,8th Match,complete,NWEST,LIONS,NORTH WEST - EASTVAAL RENAULT DRAGONS,LIONS,North-West University No1 Ground,Potchefstroom,103,10,18.2,104,1,10.4,Lions won by 9 wkts,LIONS,NWEST,0,0,nwest-vs-lions-8th-match-csa-t20-challenge-2024
2023-24,T20 Challenge,7663,90449,2024-03-10 12:00,7th Match,complete,DOL,WAR,DOLPHINS,WARRIORS,Kingsmead,Durban,121,8,20,123,3,14.1,Warriors won by 7 wkts,WAR,DOL,0,0,dol-vs-war-7th-match-csa-t20-challenge-2024
2023-24,T20 Challenge,7663,90445,2024-03-10 12:00,6th Match,complete,WPR,KZNIN,WESTERN PROVINCE,KWAZULU-NATAL INLAND TUSKERS,Newlands,Cape Town,116,3,12.3,115,7,20,Western Province won by 7 wkts,WPR,KZNIN,0,0,wpr-vs-kznin-6th-match-csa-t20-challenge-2024
2023-24,T20 Challenge,7663,90442,2024-03-10 12:00,5th Match,complete,BOL,TIT,BOLAND,TITANS,Boland Park,Paarl,126,9,20,127,6,19.1,Titans won by 4 wkts,TIT,BOL,0,0,bol-vs-tit-5th-match-csa-t20-challenge-2024
2023-24,T20 Challenge,7663,90459,2024-03-13 16:00,9th Match,complete,WPR,NWEST,WESTERN PROVINCE,NORTH WEST - EASTVAAL RENAULT DRAGONS,Newlands,Cape Town,188,7,20,184,6,20,Western Province won by 4 runs,WPR,WPR,0,0,wpr-vs-nwest-9th-match-csa-t20-challenge-2024
2023-24,T20 Challenge,7663,90463,2024-03-13 16:00,10th Match,complete,DOL,LIONS,DOLPHINS,LIONS,Kingsmead,Durban,159,6,19.1,155,5,20,Dolphins won by 4 wkts,DOL,LIONS,0,0,dol-vs-lions-10th-match-csa-t20-challenge-2024
2023-24,T20 Challenge,7663,90470,2024-03-13 16:00,11th Match,complete,TIT,WAR,TITANS,WARRIORS,SuperSport Park,Centurion,183,7,20,185,5,20,Warriors won by 2 runs,WAR,WAR,0,0,tit-vs-war-11th-match-csa-t20-challenge-2024
2023-24,T20 Challenge,7663,90473,2024-03-15 11:00,12th Match,complete,KZNIN,NWEST,KWAZULU-NATAL INLAND TUSKERS,NORTH WEST - EASTVAAL RENAULT DRAGONS,City Oval,Pietermaritzburg,82,10,14.5,207,4,20,North West won by 125 runs,NWEST,NWEST,0,0,kznin-vs-nwest-12th-match-csa-t20-challenge-2024
2023-24,T20 Challenge,7663,90480,2024-03-15 16:00,13th Match,complete,BOL,DOL,BOLAND,DOLPHINS,Boland Park,Paarl,125,8,20,129,1,14.3,Dolphins won by 9 wkts,DOL,BOL,0,0,bol-vs-dol-13th-match-csa-t20-challenge-2024
2023-24,T20 Challenge,7663,90484,2024-03-15 16:00,14th Match,complete,LIONS,TIT,LIONS,TITANS,The Wanderers Stadium,Johannesburg,183,5,20,182,6,20,Lions won by 1 run,LIONS,LIONS,0,0,lions-vs-tit-14th-match-csa-t20-challenge-2024
2023-24,T20 Challenge,7663,90501,2024-03-17 12:00,17th Match,complete,LIONS,WPR,LIONS,WESTERN PROVINCE,The Wanderers Stadium,Johannesburg,51,3,7,127,9,20,Match tied,WPR,WPR,0,1,lions-vs-wpr-17th-match-csa-t20-challenge-2024
2023-24,T20 Challenge,7663,90494,2024-03-17 12:00,16th Match,complete,DOL,NWEST,DOLPHINS,NORTH WEST - EASTVAAL RENAULT DRAGONS,Kingsmead,Durban,,,,79,4,13.2,Rain stops play - North West opt to bat,,NWEST,0,0,dol-vs-nwest-16th-match-csa-t20-challenge-2024
2023-24,T20 Challenge,7663,90487,2024-03-17 12:00,15th Match,complete,WAR,BOL,WARRIORS,BOLAND,St George's Park,Gqeberha,165,6,20,117,10,16.4,Warriors won by 32 runs,WAR,WAR,0,0,war-vs-bol-15th-match-csa-t20-challenge-2024
2023-24,T20 Challenge,7663,90505,2024-03-20 16:00,18th Match,complete,TIT,DOL,TITANS,DOLPHINS,SuperSport Park,Centurion,152,5,14,183,1,14,Dolphins won by 30 runs,DOL,DOL,0,0,tit-vs-dol-18th-match-csa-t20-challenge-2024
2023-24,T20 Challenge,7663,90508,2024-03-21 12:00,19th Match,complete,WAR,WPR,WARRIORS,WESTERN PROVINCE,St George's Park,Gqeberha,151,2,17.4,149,7,20,Warriors won by 8 wkts,WAR,WPR,0,0,war-vs-wpr-19th-match-csa-t20-challenge-2024
2023-24,T20 Challenge,7663,90512,2024-03-21 12:00,20th Match,complete,NWEST,BOL,NORTH WEST - EASTVAAL RENAULT DRAGONS,BOLAND,North-West University No1 Ground,Potchefstroom,148,3,16.5,146,6,20,North West won by 7 wkts,NWEST,BOL,0,0,nwest-vs-bol-20th-match-csa-t20-challenge-2024
2023-24,T20 Challenge,7663,90515,2024-03-23 12:00,21st Match,complete,TIT,WPR,TITANS,WESTERN PROVINCE,The Wanderers Stadium,Johannesburg,147,7,20,138,6,19,Match tied,TIT,TIT,0,1,tit-vs-wpr-21st-match-csa-t20-challenge-2024
2023-24,T20 Challenge,7663,90522,2024-03-23 16:00,22nd Match,complete,LIONS,KZNIN,LIONS,KWAZULU-NATAL INLAND TUSKERS,The Wanderers Stadium,Johannesburg,90,5,15,94,2,11.4,KwaZulu-Natal Inland won by 8 wkts,KZNIN,LIONS,0,0,lions-vs-kznin-22nd-match-csa-t20-challenge-2024
2023-24,T20 Challenge,7663,90529,2024-03-24 08:00,23rd Match,complete,DOL,BOL,DOLPHINS,BOLAND,St George's Park,Gqeberha,158,4,20,163,6,19.3,Boland won by 4 wkts,BOL,DOL,0,0,dol-vs-bol-23rd-match-csa-t20-challenge-2024
2023-24,T20 Challenge,7663,90533,2024-03-24 12:00,24th Match,complete,WAR,NWEST,WARRIORS,NORTH WEST - EASTVAAL RENAULT DRAGONS,St George's Park,Gqeberha,186,5,20,162,9,20,Warriors won by 24 runs,WAR,WAR,0,0,war-vs-nwest-24th-match-csa-t20-challenge-2024
2023-24,T20 Challenge,7663,90540,2024-03-27 11:00,25th Match,complete,KZNIN,WPR,KWAZULU-NATAL INLAND TUSKERS,WESTERN PROVINCE,City Oval,Pietermaritzburg,160,7,20,208,6,20,Western Province won by 48 runs,WPR,WPR,0,0,kznin-vs-wpr-25th-match-csa-t20-challenge-2024
2023-24,T20 Challenge,7663,90543,2024-03-27 16:00,26th Match,complete,LIONS,WAR,LIONS,WARRIORS,The Wanderers Stadium,Johannesburg,171,7,20,173,4,20,Warriors won by 2 runs,WAR,WAR,0,0,lions-vs-war-26th-match-csa-t20-challenge-2024
2023-24,T20 Challenge,7663,90547,2024-03-31 08:00,27th Match,complete,WPR,WAR,WESTERN PROVINCE,WARRIORS,Boland Park,Paarl,142,7,20,145,1,16.3,Warriors won by 9 wkts,WAR,WPR,0,0,wpr-vs-war-27th-match-csa-t20-challenge-2024
2023-24,T20 Challenge,7663,90554,2024-03-31 12:00,28th Match,complete,BOL,LIONS,BOLAND,LIONS,Boland Park,Paarl,116,8,20,120,1,17.2,Lions won by 9 wkts,LIONS,BOL,0,0,bol-vs-lions-28th-match-csa-t20-challenge-2024
2023-24,T20 Challenge,7663,90561,2024-04-01 08:00,29th Match,complete,KZNIN,DOL,KWAZULU-NATAL INLAND TUSKERS,DOLPHINS,North-West University No1 Ground,Potchefstroom,132,5,20,151,7,20,Dolphins won by 19 runs,DOL,DOL,0,0,kznin-vs-dol-29th-match-csa-t20-challenge-2024
2023-24,T20 Challenge,7663,90568,2024-04-01 12:00,30th Match,complete,NWEST,TIT,NORTH WEST - EASTVAAL RENAULT DRAGONS,TITANS,North-West University No1 Ground,Potchefstroom,,,,139,4,17.1,No result,,TIT,1,0,nwest-vs-tit-30th-match-csa-t20-challenge-2024
2023-24,T20 Challenge,7663,90575,2024-04-03 16:00,31st Match,complete,WPR,LIONS,WESTERN PROVINCE,LIONS,Newlands,Cape Town,81,10,14.3,213,2,20,Lions won by 132 runs,LIONS,LIONS,0,0,wpr-vs-lions-31st-match-csa-t20-challenge-2024
2023-24,T20 Challenge,7663,90578,2024-04-03 16:00,32nd Match,complete,NWEST,KZNIN,NORTH WEST - EASTVAAL RENAULT DRAGONS,KWAZULU-NATAL INLAND TUSKERS,North-West University No1 Ground,Potchefstroom,,,,,,,Match abandoned without a ball bowled (no toss),,,1,0,nwest-vs-kznin-32nd-match-csa-t20-challenge-2024
2023-24,T20 Challenge,7663,90585,2024-04-05 16:00,33rd Match,complete,BOL,KZNIN,BOLAND,KWAZULU-NATAL INLAND TUSKERS,Boland Park,Paarl,97,6,15.3,94,10,20,Boland won by 4 wkts,BOL,KZNIN,0,0,bol-vs-kznin-33rd-match-csa-t20-challenge-2024
2023-24,T20 Challenge,7663,90592,2024-04-05 16:00,34th Match,complete,WAR,TIT,WARRIORS,TITANS,St George's Park,Gqeberha,156,7,20,168,9,20,Titans won by 12 runs,TIT,TIT,0,0,war-vs-tit-34th-match-csa-t20-challenge-2024
2023-24,T20 Challenge,7663,90596,2024-04-05 16:00,35th Match,complete,LIONS,DOL,LIONS,DOLPHINS,The Wanderers Stadium,Johannesburg,99,3,8.2,98,6,9,Lions won by 7 wkts,LIONS,DOL,0,0,lions-vs-dol-35th-match-csa-t20-challenge-2024
2023-24,T20 Challenge,7663,90603,2024-04-07 11:00,36th Match,complete,KZNIN,TIT,KWAZULU-NATAL INLAND TUSKERS,TITANS,City Oval,Pietermaritzburg,166,4,17.4,165,6,20,KwaZulu-Natal Inland won by 6 wkts,KZNIN,TIT,0,0,kznin-vs-tit-36th-match-csa-t20-challenge-2024
2023-24,T20 Challenge,7663,90617,2024-04-07 12:00,38th Match,complete,NWEST,DOL,NORTH WEST - EASTVAAL RENAULT DRAGONS,DOLPHINS,North-West University No1 Ground,Potchefstroom,154,9,20,173,8,20,Dolphins won by 19 runs,DOL,DOL,0,0,nwest-vs-dol-38th-match-csa-t20-challenge-2024
2023-24,T20 Challenge,7663,90610,2024-04-07 12:00,37th Match,complete,WPR,BOL,WESTERN PROVINCE,BOLAND,Newlands,Cape Town,86,1,9.2,,,,No result,,WPR,1,0,wpr-vs-bol-37th-match-csa-t20-challenge-2024
2023-24,T20 Challenge,7663,90620,2024-04-10 16:00,39th Match,complete,DOL,TIT,DOLPHINS,TITANS,Kingsmead,Durban,127,6,20,100,6,16,Dolphins won by 3runs (DLS method),DOL,DOL,0,0,dol-vs-tit-39th-match-csa-t20-challenge-2024
2023-24,T20 Challenge,7663,90624,2024-04-12 11:30,40th Match,complete,KZNIN,WAR,KWAZULU-NATAL INLAND TUSKERS,WARRIORS,City Oval,Pietermaritzburg,143,9,20,174,5,20,Warriors won by 31 runs,WAR,WAR,0,0,kznin-vs-war-40th-match-csa-t20-challenge-2024
2023-24,T20 Challenge,7663,90631,2024-04-12 16:00,41st Match,complete,TIT,BOL,TITANS,BOLAND,SuperSport Park,Centurion,124,4,13,122,10,18.1,Titans won by 6 wkts,TIT,BOL,0,0,tit-vs-bol-41st-match-csa-t20-challenge-2024
2023-24,T20 Challenge,7663,90634,2024-04-12 16:00,42nd Match,complete,NWEST,WPR,NORTH WEST - EASTVAAL RENAULT DRAGONS,WESTERN PROVINCE,North-West University No1 Ground,Potchefstroom,155,8,20,144,6,20,North West won by 11 runs,NWEST,NWEST,0,0,nwest-vs-wpr-42nd-match-csa-t20-challenge-2024
2023-24,T20 Challenge,7663,90652,2024-04-14 12:00,45th Match,complete,TIT,KZNIN,TITANS,KWAZULU-NATAL INLAND TUSKERS,SuperSport Park,Centurion,142,2,12.3,141,10,19.4,Titans won by 8 wkts,TIT,KZNIN,0,0,tit-vs-kznin-45th-match-csa-t20-challenge-2024
2023-24,T20 Challenge,7663,90645,2024-04-14 12:00,44th Match,complete,LIONS,NWEST,LIONS,NORTH WEST - EASTVAAL RENAULT DRAGONS,The Wanderers Stadium,Johannesburg,86,,9.2,85,10,18.2,Lions won by 10 wkts,LIONS,NWEST,0,0,lions-vs-nwest-44th-match-csa-t20-challenge-2024
2023-24,T20 Challenge,7663,90641,2024-04-14 12:00,43rd Match,complete,WPR,DOL,WESTERN PROVINCE,DOLPHINS,Newlands,Cape Town,96,10,17,99,2,11.1,Dolphins won by 8 wkts,DOL,WPR,0,0,wpr-vs-dol-43rd-match-csa-t20-challenge-2024
2023-24,T20 Challenge,7663,90659,2024-04-14 16:00,46th Match,complete,BOL,WAR,BOLAND,WARRIORS,Boland Park,Paarl,128,5,17,127,8,20,Boland won by 5 wkts,BOL,WAR,0,0,bol-vs-war-46th-match-csa-t20-challenge-2024
2023-24,T20 Challenge,7663,90666,2024-04-17 11:00,47th Match,complete,KZNIN,BOL,KWAZULU-NATAL INLAND TUSKERS,BOLAND,City Oval,Pietermaritzburg,119,9,20,121,3,17.4,Boland won by 7 wkts,BOL,KZNIN,0,0,kznin-vs-bol-47th-match-csa-t20-challenge-2024
2023-24,T20 Challenge,7663,90669,2024-04-17 16:00,48th Match,complete,WAR,LIONS,WARRIORS,LIONS,St George's Park,Gqeberha,109,10,19.1,152,9,20,Lions won by 43 runs,LIONS,LIONS,0,0,war-vs-lions-48th-match-csa-t20-challenge-2024
2023-24,T20 Challenge,7663,90687,2024-04-19 16:00,52nd Match,complete,NWEST,WAR,NORTH WEST - EASTVAAL RENAULT DRAGONS,WARRIORS,North-West University No1 Ground,Potchefstroom,146,4,18.3,145,7,20,North West won by 6 wkts,NWEST,WAR,0,0,nwest-vs-war-52nd-match-csa-t20-challenge-2024
2023-24,T20 Challenge,7663,90683,2024-04-19 16:00,51st Match,complete,TIT,LIONS,TITANS,LIONS,SuperSport Park,Centurion,155,8,20,154,8,20,Titans won by 2 wkts,TIT,LIONS,0,0,tit-vs-lions-51st-match-csa-t20-challenge-2024
2023-24,T20 Challenge,7663,90680,2024-04-19 16:00,50th Match,complete,DOL,KZNIN,DOLPHINS,KWAZULU-NATAL INLAND TUSKERS,Kingsmead,Durban,112,2,14.1,108,10,18.3,Dolphins won by 8 wkts,DOL,KZNIN,0,0,dol-vs-kznin-50th-match-csa-t20-challenge-2024
2023-24,T20 Challenge,7663,90673,2024-04-19 16:00,49th Match,complete,BOL,WPR,BOLAND,WESTERN PROVINCE,Boland Park,Paarl,110,10,17.4,173,4,20,Western Province won by 63 runs,WPR,WPR,0,0,bol-vs-wpr-49th-match-csa-t20-challenge-2024
2023-24,T20 Challenge,7663,90690,2024-04-21 11:00,53rd Match,complete,KZNIN,LIONS,KWAZULU-NATAL INLAND TUSKERS,LIONS,City Oval,Pietermaritzburg,132,9,20,136,3,17.3,Lions won by 7 wkts,LIONS,KZNIN,0,0,kznin-vs-lions-53rd-match-csa-t20-challenge-2024
2023-24,T20 Challenge,7663,90697,2024-04-21 12:00,54th Match,complete,WPR,TIT,WESTERN PROVINCE,TITANS,Newlands,Cape Town,113,9,20,114,4,13.2,Titans won by 6 wkts,TIT,WPR,0,0,wpr-vs-tit-54th-match-csa-t20-challenge-2024
2023-24,T20 Challenge,7663,90704,2024-04-21 12:00,55th Match,complete,WAR,DOL,WARRIORS,DOLPHINS,St George's Park,Gqeberha,130,8,20,131,3,17.2,Dolphins won by 7 wkts,DOL,WAR,0,0,war-vs-dol-55th-match-csa-t20-challenge-2024
2023-24,T20 Challenge,7663,90708,2024-04-21 12:00,56th Match,complete,BOL,NWEST,BOLAND,NORTH WEST - EASTVAAL RENAULT DRAGONS,Boland Park,Paarl,143,5,20,149,4,19.5,North West won by 6 wkts,NWEST,BOL,0,0,bol-vs-nwest-56th-match-csa-t20-challenge-2024
2023-24,T20 Challenge,7663,90715,2024-04-24 16:00,1st Semi Final,complete,LIONS,TIT,LIONS,TITANS,New Wanderers No. 1 Oval,Johannesburg,134,2,14.4,131,9,18,Lions won by 8 wkts,LIONS,TIT,0,0,lions-vs-tit-1st-semi-final-csa-t20-challenge-2024
2023-24,T20 Challenge,7663,90722,2024-04-25 16:00,2nd Semi Final,complete,DOL,WAR,DOLPHINS,WARRIORS,Kingsmead,Durban,166,5,18,161,4,20,Dolphins won by 5 wkts,DOL,WAR,0,0,dol-vs-war-2nd-semi-final-csa-t20-challenge-2024
2023-24,T20 Challenge,7663,90729,2024-04-28 12:00,Final,complete,LIONS,DOL,LIONS,DOLPHINS,The Wanderers Stadium,Johannesburg,168,3,17.4,165,8,20,,LIONS,DOL,0,0,lions-vs-dol-final-csa-t20-challenge-2024
2024-25,T20 Challenge,8643,103384,2024-09-27 16:00,1st Match,complete,LIONS,TIT,LIONS,TITANS,The Wanderers Stadium,Johannesburg,141,8,20,258,6,20,Titans won by 117 runs,TIT,TIT,0,0,lions-vs-tit-1st-match-csa-t20-challenge-2024
2024-25,T20 Challenge,8643,103393,2024-09-28 12:00,2nd Match,complete,KNG,NWEST,KNIGHTS,NORTH WEST - EASTVAAL RENAULT DRAGONS,Mangaung Oval,Bloemfontein,146,6,18,144,4,18,North West won by 3 runs,NWEST,NWEST,0,0,kng-vs-nwest-2nd-match-csa-t20-challenge-2024
2024-25,T20 Challenge,8643,103395,2024-09-29 12:00,3rd Match,complete,WPR,BOL,WESTERN PROVINCE,BOLAND,Newlands,Cape Town,,,,,,,Match abandoned without a ball bowled (no toss),,,1,0,wpr-vs-bol-3rd-match-csa-t20-challenge-2024
2024-25,T20 Challenge,8643,103404,2024-09-29 12:00,4th Match,complete,WAR,DOL,WARRIORS,DOLPHINS,St George's Park,Gqeberha,163,4,19.2,162,9,20,Warriors won by 6 wkts,WAR,DOL,0,0,war-vs-dol-4th-match-csa-t20-challenge-2024
2024-25,T20 Challenge,8643,103422,2024-10-04 12:00,5th Match,complete,DOL,TIT,DOLPHINS,TITANS,Kingsmead,Durban,159,9,20,210,3,20,Titans won by 51 runs,TIT,TIT,0,0,dol-vs-tit-5th-match-csa-t20-challenge-2024
2024-25,T20 Challenge,8643,103413,2024-10-04 16:00,6th Match,complete,BOL,KNG,BOLAND,KNIGHTS,Boland Park,Paarl,141,10,19.5,141,4,20,Match tied (Boland won the Super Over),BOL,BOL,0,1,bol-vs-kng-6th-match-csa-t20-challenge-2024
2024-25,T20 Challenge,8643,103431,2024-10-04 16:00,7th Match,complete,LIONS,WAR,LIONS,WARRIORS,The Wanderers Stadium,Johannesburg,239,4,20,177,6,20,Lions won by 62 runs,LIONS,LIONS,0,0,lions-vs-war-7th-match-csa-t20-challenge-2024
2024-25,T20 Challenge,8643,103440,2024-10-04 16:00,8th Match,complete,NWEST,WPR,NORTH WEST - EASTVAAL RENAULT DRAGONS,WESTERN PROVINCE,Senwes Park,Potchefstroom,146,7,19.4,142,9,20,North West won by 3 wkts,NWEST,WPR,0,0,nwest-vs-wpr-8th-match-csa-t20-challenge-2024
2024-25,T20 Challenge,8643,103467,2024-10-06 12:00,12th Match,complete,NWEST,BOL,NORTH WEST - EASTVAAL RENAULT DRAGONS,BOLAND,Senwes Park,Potchefstroom,176,5,20,173,7,20,North West won by 3 runs,NWEST,NWEST,0,0,nwest-vs-bol-12th-match-csa-t20-challenge-2024
2024-25,T20 Challenge,8643,103456,2024-10-06 12:00,10th Match,complete,LIONS,DOL,LIONS,DOLPHINS,The Wanderers Stadium,Johannesburg,156,5,20,147,8,20,Lions won by 9 runs,LIONS,LIONS,0,0,lions-vs-dol-10th-match-csa-t20-challenge-2024
2024-25,T20 Challenge,8643,103447,2024-10-06 12:00,9th Match,complete,WAR,KNG,WARRIORS,KNIGHTS,St George's Park,Gqeberha,150,6,20,166,9,20,Knights won by 16 runs,KNG,KNG,0,0,war-vs-kng-9th-match-csa-t20-challenge-2024
2024-25,T20 Challenge,8643,103458,2024-10-06 14:00,11th Match,complete,TIT,WPR,TITANS,WESTERN PROVINCE,SuperSport Park,Centurion,143,8,20,144,3,15.4,Western Province won by 7 wkts,WPR,TIT,0,0,tit-vs-wpr-11th-match-csa-t20-challenge-2024
2024-25,T20 Challenge,8643,103474,2024-10-09 16:00,13th Match,complete,WPR,WAR,WESTERN PROVINCE,WARRIORS,Newlands,Cape Town,148,7,20,150,5,17.4,Warriors won by 5 wkts,WAR,WPR,0,0,wpr-vs-war-13th-match-csa-t20-challenge-2024
2024-25,T20 Challenge,8643,103476,2024-10-09 16:00,14th Match,complete,DOL,NWEST,DOLPHINS,NORTH WEST - EASTVAAL RENAULT DRAGONS,Kingsmead,Durban,93,10,16.5,136,7,20,North West won by 43 runs,NWEST,NWEST,0,0,dol-vs-nwest-14th-match-csa-t20-challenge-2024
2024-25,T20 Challenge,8643,103485,2024-10-09 16:00,15th Match,complete,KNG,LIONS,KNIGHTS,LIONS,Mangaung Oval,Bloemfontein,95,10,17.5,142,7,20,Lions won by 47 runs,LIONS,LIONS,0,0,kng-vs-lions-15th-match-csa-t20-challenge-2024
2024-25,T20 Challenge,8643,103492,2024-10-09 16:00,16th Match,complete,TIT,BOL,TITANS,BOLAND,SuperSport Park,Centurion,169,4,15,75,10,13.2,Titans won by 94 runs,TIT,TIT,0,0,tit-vs-bol-16th-match-csa-t20-challenge-2024
2024-25,T20 Challenge,8643,103501,2024-10-12 12:00,17th Match,complete,BOL,LIONS,BOLAND,LIONS,Boland Park,Paarl,129,7,20,132,4,19.4,Lions won by 6 wkts,LIONS,BOL,0,0,bol-vs-lions-17th-match-csa-t20-challenge-2024
2024-25,T20 Challenge,8643,103510,2024-10-12 16:00,18th Match,complete,WAR,NWEST,WARRIORS,NORTH WEST - EASTVAAL RENAULT DRAGONS,St George's Park,Gqeberha,221,5,20,200,3,20,Warriors won by 21 runs,WAR,WAR,0,0,war-vs-nwest-18th-match-csa-t20-challenge-2024
2024-25,T20 Challenge,8643,103512,2024-10-13 12:00,"19th Match,",complete,DOL,WPR,DOLPHINS,WESTERN PROVINCE,Kingsmead,Durban,169,6,19,167,6,20,Dolphins won by 4 wkts,DOL,WPR,0,0,"dol-vs-wpr-19th-match,-csa-t20-challenge-2024"
2024-25,T20 Challenge,8643,103521,2024-10-13 12:00,20th Match,complete,TIT,KNG,TITANS,KNIGHTS,SuperSport Park,Centurion,191,6,20,223,6,20,Knights won by 32 runs,KNG,KNG,0,0,tit-vs-kng-20th-match-csa-t20-challenge-2024
2024-25,T20 Challenge,8643,103548,2024-10-15 16:00,24th Match,complete,TIT,NWEST,TITANS,NORTH WEST - EASTVAAL RENAULT DRAGONS,SuperSport Park,Centurion,,,,,,,No result (Match abandoned with a toss),,,1,0,tit-vs-nwest-24th-match-csa-t20-challenge-2024
2024-25,T20 Challenge,8643,103528,2024-10-16 16:00,21st Match,complete,BOL,WAR,BOLAND,WARRIORS,Boland Park,Paarl,171,6,20,160,10,19.5,Boland won by 11 runs,BOL,BOL,0,0,bol-vs-war-21st-match-csa-t20-challenge-2024
2024-25,T20 Challenge,8643,103530,2024-10-16 16:00,22nd Match,complete,KNG,DOL,KNIGHTS,DOLPHINS,Mangaung Oval,Bloemfontein,155,9,20,158,4,18.3,Dolphins won by 6 wkts,DOL,KNG,0,0,kng-vs-dol-22nd-match-csa-t20-challenge-2024
2024-25,T20 Challenge,8643,103539,2024-10-16 16:00,23rd Match,complete,LIONS,WPR,LIONS,WESTERN PROVINCE,The Wanderers Stadium,Johannesburg,145,7,20,146,6,19.3,Western Province won by 4 wkts,WPR,LIONS,0,0,lions-vs-wpr-23rd-match-csa-t20-challenge-2024
2024-25,T20 Challenge,8643,103555,2024-10-18 16:00,25th Match,complete,WPR,KNG,WESTERN PROVINCE,KNIGHTS,Newlands,Cape Town,163,4,18.5,157,7,20,Western Province won by 6 wkts,WPR,KNG,0,0,wpr-vs-kng-25th-match-csa-t20-challenge-2024
2024-25,T20 Challenge,8643,103564,2024-10-19 12:00,28th Match,complete,NWEST,LIONS,NORTH WEST - EASTVAAL RENAULT DRAGONS,LIONS,Senwes Park,Potchefstroom,165,6,20,170,3,20,Lions won by 5 runs,LIONS,LIONS,0,0,nwest-vs-lions-28th-match-csa-t20-challenge-2024
2024-25,T20 Challenge,8643,103566,2024-10-19 16:00,26th Match,complete,WAR,TIT,WARRIORS,TITANS,St George's Park,Gqeberha,179,6,20,174,4,16.2,Titans won by 6 wickets - (DLS method),TIT,WAR,0,0,war-vs-tit-26th-match-csa-t20-challenge-2024
2024-25,T20 Challenge,8643,103575,2024-10-19 16:00,27th Match ,complete,DOL,BOL,DOLPHINS,BOLAND,Kingsmead,Durban,83,5,10,172,4,20,Boland won by 4 runs - (DLS method),BOL,BOL,0,0,dol-vs-bol-27th-match--csa-t20-challenge-2024
2024-25,T20 Challenge,8643,103582,2024-10-22 16:00,Qualifier 1,complete,LIONS,TIT,LIONS,TITANS,The Wanderers Stadium,Johannesburg,116,3,16,115,10,19.2,Lions won by 7 wkts,LIONS,TIT,0,0,lions-vs-tit-qualifier-1-csa-t20-challenge-2024
2024-25,T20 Challenge,8643,103591,2024-10-23 16:00,Eliminator,complete,NWEST,WPR,NORTH WEST - EASTVAAL RENAULT DRAGONS,WESTERN PROVINCE,The Wanderers Stadium,Johannesburg,125,10,15.3,166,5,20,Western Province won by 41 runs,WPR,WPR,0,0,nwest-vs-wpr-eliminator-csa-t20-challenge-2024
2024-25,T20 Challenge,8643,103600,2024-10-25 16:00,Qualifier 2,complete,TIT,WPR,TITANS,WESTERN PROVINCE,SuperSport Park,Centurion,182,7,20,163,6,20,Titans won by 19 runs,TIT,TIT,0,0,tit-vs-wpr-qualifier-2-csa-t20-challenge-2024
2024-25,T20 Challenge,8643,103602,2024-10-27 12:00,Final,complete,LIONS,TIT,LIONS,TITANS,The Wanderers Stadium,Johannesburg,124,2,15.1,119,10,19.2,Lions won by 8 wkts,LIONS,TIT,0,0,lions-vs-tit-final-csa-t20-challenge-2024
2024-25,T20 Knock-Out,8746,105146,2024-09-21 11:00,1st Match,complete,NCAPE,ESTORM,NORTHERN CAPE,EASTERN STORM,Diamond Oval,Kimberley,170,6,20,171,6,20,Eastern Storm won by 1 run,ESTORM,ESTORM,0,0,ncape-vs-estorm-1st-match-csa-t20-knock-out-competition-2024
2024-25,T20 Knock-Out,8746,105148,2024-09-21 11:00,2nd Match,complete,LIMPO,KZNIN,LIMPOPO,TUSKERS,Polokwane Cricket Club,Polokwane,89,10,16.5,162,4,20,Tuskers won by 73 runs,KZNIN,KZNIN,0,0,limpo-vs-tusks-2nd-match-csa-t20-knock-out-competition-2024
2024-25,T20 Knock-Out,8746,105154,2024-09-21 11:00,3rd Match,complete,MPR,SWD,MPUMALANGA RHINOS,SOUTH WESTERN DISTRICTS,"Uplands College, White River",Mpumalanga,,,,,,,Match abandoned due to rain (no toss),,,1,0,mpr-vs-swd-3rd-match-csa-t20-knock-out-competition-2024
2024-25,T20 Knock-Out,8746,105162,2024-09-24 11:00,4th Match,complete,BOR,LIMPO,EASTERN CAPE,LIMPOPO,Buffalo Park,East London,166,6,20,188,2,20,Limpopo won by 22 runs,LIMPO,LIMPO,0,0,ecape-vs-limpo-4th-match-csa-t20-knock-out-competition-2024
2024-25,T20 Knock-Out,8746,105164,2024-09-24 11:00,5th Match,complete,ESTORM,SWD,EASTERN STORM,SOUTH WESTERN DISTRICTS,Willowmoore Park,Benoni,167,7,18.3,165,4,20,Eastern Storm won by 3 wkts,ESTORM,SWD,0,0,estorm-vs-swd-5th-match-csa-t20-knock-out-competition-2024
2024-25,T20 Knock-Out,8746,105172,2024-09-24 11:00,6th Match,complete,MPR,NCAPE,MPUMALANGA RHINOS,NORTHERN CAPE,"Uplands College, White River",Mpumalanga,184,7,20,202,4,20,Northern Cape won by 18 runs,NCAPE,NCAPE,0,0,mpr-vs-ncape-6th-match-csa-t20-knock-out-competition-2024
2024-25,T20 Knock-Out,8746,105186,2024-09-28 11:00,8th Match,complete,KZNIN,BOR,TUSKERS,EASTERN CAPE,City Oval,Pietermaritzburg,132,6,20,123,9,20,Tuskers won by 9 runs,KZNIN,KZNIN,0,0,tusks-vs-ecape-8th-match-csa-t20-knock-out-competition-2024
2024-25,T20 Knock-Out,8746,105178,2024-09-28 11:00,7th Match,complete,SWD,LIMPO,SOUTH WESTERN DISTRICTS,LIMPOPO,Recreation Ground,Oudtshoorn,146,8,20,150,4,15.5,Limpopo won by 6 wkts,LIMPO,SWD,0,0,swd-vs-limpo-7th-match-csa-t20-knock-out-competition-2024
2024-25,T20 Knock-Out,8746,105188,2024-09-29 11:00,9th Match,complete,ESTORM,MPR,EASTERN STORM,MPUMALANGA RHINOS,Willowmoore Park,Benoni,171,8,20,148,8,20,Eastern Storm won by 23 runs,ESTORM,ESTORM,0,0,estorm-vs-mpr-9th-match-csa-t20-knock-out-competition-2024
2024-25,T20 Knock-Out,8746,105194,2024-10-02 11:00,10th Match,complete,SWD,KZNIN,SOUTH WESTERN DISTRICTS,TUSKERS,Recreation Ground,Oudtshoorn,156,4,19.1,153,8,20,South Western Districts won by 6 wkts,SWD,KZNIN,0,0,swd-vs-tusks-10th-match-csa-t20-knock-out-competition-2024
2024-25,T20 Knock-Out,8746,105202,2024-10-02 11:00,11th Match,complete,NCAPE,BOR,NORTHERN CAPE,EASTERN CAPE,Diamond Oval,Kimberley,158,8,20,141,8,20,Northern Cape won by 17 runs,NCAPE,NCAPE,0,0,ncape-vs-ecape-11th-match-csa-t20-knock-out-competition-2024
2024-25,T20 Knock-Out,8746,105210,2024-10-02 11:00,12th Match,complete,LIMPO,ESTORM,LIMPOPO,EASTERN STORM,Polokwane Cricket Club,Polokwane,189,6,20,201,4,20,Eastern Storm won by 12 runs,ESTORM,ESTORM,0,0,limpo-vs-estorm-12th-match-csa-t20-knock-out-competition-2024
2024-25,T20 Knock-Out,8746,105220,2024-10-05 11:00,14th Match,complete,KZNIN,NCAPE,TUSKERS,NORTHERN CAPE,City Oval,Pietermaritzburg,170,3,20,144,9,20,Tuskers won by 26 runs,KZNIN,KZNIN,0,0,tusks-vs-ncape-14th-match-csa-t20-knock-out-competition-2024
2024-25,T20 Knock-Out,8746,105218,2024-10-05 11:00,13th Match,complete,BOR,SWD,EASTERN CAPE,SOUTH WESTERN DISTRICTS,Buffalo Park,East London,114,9,20,115,2,15.5,South Western Districts won by 8 wkts,SWD,BOR,0,0,ecape-vs-swd-13th-match-csa-t20-knock-out-competition-2024
2024-25,T20 Knock-Out,8746,105226,2024-10-06 11:00,15th Match,complete,LIMPO,MPR,LIMPOPO,MPUMALANGA RHINOS,Polokwane Cricket Club,Polokwane,141,6,20,122,10,19.5,Limpopo won by 19 runs,LIMPO,LIMPO,0,0,limpo-vs-mpr-15th-match-csa-t20-knock-out-competition-2024
2024-25,T20 Knock-Out,8746,105234,2024-10-09 11:00,16th Match,complete,SWD,NCAPE,SOUTH WESTERN DISTRICTS,NORTHERN CAPE,Recreation Ground,Oudtshoorn,141,6,20,132,10,20,South Western Districts won by 9 runs,SWD,SWD,0,0,swd-vs-ncape-16th-match-csa-t20-knock-out-competition-2024
2024-25,T20 Knock-Out,8746,105236,2024-10-09 11:00,17th Match,complete,BOR,ESTORM,EASTERN CAPE,EASTERN STORM,Buffalo Park,East London,163,3,20,165,3,17.3,Eastern Storm won by 7 wkts,ESTORM,BOR,0,0,ecape-vs-estorm-17th-match-csa-t20-knock-out-competition-2024
2024-25,T20 Knock-Out,8746,105242,2024-10-09 11:00,18th Match,complete,KZNIN,MPR,TUSKERS,MPUMALANGA RHINOS,City Oval,Pietermaritzburg,172,5,20,172,5,20,Match tied (Mpumalanga Rhinos won the Super Over),MPR,MPR,0,1,tusks-vs-mpr-18th-match-csa-t20-knock-out-competition-2024
2024-25,T20 Knock-Out,8746,105260,2024-10-12 11:00,21st Match,complete,MPR,BOR,MPUMALANGA RHINOS,EASTERN CAPE,"Uplands College, White River",Mpumalanga,165,4,18.4,162,4,20,Mpumalanga Rhinos won by 6 wkts,MPR,BOR,0,0,mpr-vs-ecape-21st-match-csa-t20-knock-out-competition-2024
2024-25,T20 Knock-Out,8746,105252,2024-10-12 11:00,20th Match,complete,ESTORM,KZNIN,EASTERN STORM,TUSKERS,Willowmoore Park,Benoni,143,8,20,144,10,19.5,Tuskers won by 1 run,KZNIN,KZNIN,0,0,estorm-vs-tusks-20th-match-csa-t20-knock-out-competition-2024
2024-25,T20 Knock-Out,8746,105244,2024-10-12 11:00,19th Match,complete,NCAPE,LIMPO,NORTHERN CAPE,LIMPOPO,Diamond Oval,Kimberley,196,4,20,116,10,18,Northern Cape won by 80 runs,NCAPE,NCAPE,0,0,ncape-vs-limpo-19th-match-csa-t20-knock-out-competition-2024
2024-25,T20 Knock-Out,8746,105266,2024-10-16 11:00,1st Semi Final,complete,ESTORM,NCAPE,EASTERN STORM,NORTHERN CAPE,Willowmoore Park,Benoni,222,2,20,145,10,19.5,Eastern Storm won by 77 runs,ESTORM,ESTORM,0,0,estorm-vs-ncape-1st-semi-final-csa-t20-knock-out-competition-2024
2024-25,T20 Knock-Out,8746,105268,2024-10-17 11:00,2nd Semi Final,complete,KZNIN,SWD,TUSKERS,SOUTH WESTERN DISTRICTS,City Oval,Pietermaritzburg,115,2,15,120,8,20,Tuskers won by 31 runs (DLS Method),KZNIN,SWD,0,0,tusks-vs-swd-2nd-semi-final-csa-t20-knock-out-competition-2024
2024-25,T20 Knock-Out,8746,105274,2024-10-20 11:00,Final (Reserve day),complete,ESTORM,KZNIN,EASTERN STORM,TUSKERS,Willowmoore Park,Benoni,129,9,20,130,3,18.2,Tuskers won by 7 wkts,KZNIN,ESTORM,0,0,estorm-vs-tusks-final-(reserve-day)-csa-t20-knock-out-competition-2024
2025-26,T20 Challenge,11032,136269,2025-10-29 10:00,1st Match,complete,KZNIN,TIT,KWAZULU-NATAL INLAND TUSKERS,TITANS,City Oval,Pietermaritzburg,142,10,19.3,151,7,20,Titans won by 9 runs,TIT,TIT,0,0,kznin-vs-tit-1st-match-csa-t20-challenge-2025
2025-26,T20 Challenge,11032,136280,2025-10-29 11:30,2nd Match,complete,NWEST,WAR,NORTH WEST - EASTVAAL RENAULT DRAGONS,WARRIORS,Senwes Park,Potchefstroom,,,,,,,Match abandoned without a ball bowled (no toss),,,1,0,nwest-vs-war-2nd-match-csa-t20-challenge-2025
2025-26,T20 Challenge,11032,136291,2025-10-31 16:00,3rd Match,complete,BOL,NWEST,BOLAND,NORTH WEST - EASTVAAL RENAULT DRAGONS,Boland Park,Paarl,148,9,20,139,9,20,Boland won by 9 runs,BOL,BOL,0,0,bol-vs-nwest-3rd-match-csa-t20-challenge-2025
2025-26,T20 Challenge,11032,136293,2025-11-01 10:00,4th Match,complete,DOL,KZNIN,DOLPHINS,KWAZULU-NATAL INLAND TUSKERS,Kingsmead,Durban,178,5,20,164,7,20,Dolphins won by 14 runs,DOL,DOL,0,0,dol-vs-kznin-4th-match-csa-t20-challenge-2025
2025-26,T20 Challenge,11032,136304,2025-11-01 11:30,5th Match,complete,TIT,WAR,TITANS,WARRIORS,SuperSport Park,Centurion,107,10,17.1,193,3,20,Warriors won by 86 runs,WAR,WAR,0,0,tit-vs-war-5th-match-csa-t20-challenge-2025
2025-26,T20 Challenge,11032,136315,2025-11-02 10:00,6th Match,complete,WPR,NWEST,WESTERN PROVINCE,NORTH WEST - EASTVAAL RENAULT DRAGONS,Newlands,Cape Town,188,6,16.5,186,5,20,Western Province won by 4 wkts,WPR,NWEST,0,0,wpr-vs-nwest-6th-match-csa-t20-challenge-2025
2025-26,T20 Challenge,11032,136326,2025-11-02 11:30,7th Match,complete,LIONS,BOL,LIONS,BOLAND,The Wanderers Stadium,Johannesburg,130,6,20,138,10,18,Boland won by 8 runs,BOL,BOL,0,0,lions-vs-bol-7th-match-csa-t20-challenge-2025
2025-26,T20 Challenge,11032,136337,2025-11-04 16:00,8th Match,complete,BOL,WPR,BOLAND,WESTERN PROVINCE,Boland Park,Paarl,173,5,20,108,10,16,Boland won by 65 runs,BOL,BOL,0,0,bol-vs-wpr-8th-match-csa-t20-challenge-2025
2025-26,T20 Challenge,11032,136348,2025-11-06 16:00,9th Match,complete,BOL,TIT,BOLAND,TITANS,Boland Park,Paarl,129,3,13.4,128,8,20,Boland won by 7 wkts,BOL,TIT,0,0,bol-vs-tit-9th-match-csa-t20-challenge-2025
2025-26,T20 Challenge,11032,136359,2025-11-07 15:00,10th Match,complete,WAR,WPR,WARRIORS,WESTERN PROVINCE,St George's Park,Gqeberha,135,4,15.3,134,9,20,Warriors won by 6 wkts,WAR,WPR,0,0,war-vs-wpr-10th-match-csa-t20-challenge-2025
2025-26,T20 Challenge,11032,136370,2025-11-07 16:00,11th Match,complete,DOL,NWEST,DOLPHINS,NORTH WEST - EASTVAAL RENAULT DRAGONS,Senwes Park,Potchefstroom,155,9,17,124,10,17,Dolphins won by 31 runs,DOL,DOL,0,0,dol-vs-nwest-11th-match-csa-t20-challenge-2025
2025-26,T20 Challenge,11032,136381,2025-11-08 11:00,12th Match,complete,LIONS,KZNIN,LIONS,KWAZULU-NATAL INLAND TUSKERS,The Wanderers Stadium,Johannesburg,159,5,20,161,5,20,KwaZulu - Natal Inland - Tuskers won by 2 runs,KZNIN,KZNIN,0,0,lions-vs-kznin-12th-match-csa-t20-challenge-2025
2025-26,T20 Challenge,11032,136403,2025-11-09 10:00,14th Match,complete,DOL,WAR,DOLPHINS,WARRIORS,Kingsmead,Durban,100,3,14.2,94,10,19.1,Dolphins won by 7 wkts,DOL,WAR,0,0,dol-vs-war-14th-match-csa-t20-challenge-2025
2025-26,T20 Challenge,11032,136392,2025-11-09 11:30,13th Match,complete,WPR,TIT,WESTERN PROVINCE,TITANS,Newlands,Cape Town,225,6,20,142,10,17.4,Western Province won by 83 runs,WPR,WPR,0,0,wpr-vs-tit-13th-match-csa-t20-challenge-2025
2025-26,T20 Challenge,11032,136422,2025-11-11 15:00,16th Match,complete,NWEST,KZNIN,NORTH WEST - EASTVAAL RENAULT DRAGONS,KWAZULU-NATAL INLAND TUSKERS,Senwes Park,Potchefstroom,173,5,20,148,8,20,North West - Eastvaal Renault Dragons won by 25 runs,NWEST,NWEST,0,0,nwest-vs-kznin-16th-match-csa-t20-challenge-2025
2025-26,T20 Challenge,11032,136414,2025-11-11 16:00,15th Match,complete,WAR,LIONS,WARRIORS,LIONS,St George's Park,Gqeberha,151,2,17.4,146,7,20,Warriors won by 8 wkts,WAR,LIONS,0,0,war-vs-lions-15th-match-csa-t20-challenge-2025
2025-26,T20 Challenge,11032,136431,2025-11-13 11:00,17th Match,complete,KZNIN,WPR,KWAZULU-NATAL INLAND TUSKERS,WESTERN PROVINCE,City Oval,Pietermaritzburg,107,10,19.4,109,1,15.3,Western Province won by 9 wkts,WPR,KZNIN,0,0,kznin-vs-wpr-17th-match-csa-t20-challenge-2025
2025-26,T20 Challenge,11032,136442,2025-11-14 15:00,18th Match,complete,BOL,DOL,BOLAND,DOLPHINS,Boland Park,Paarl,134,8,20,134,10,20,Match tied and Super Over tied (Boland won the 2nd Super Over),BOL,BOL,0,1,bol-vs-dol-18th-match-csa-t20-challenge-2025
2025-26,T20 Challenge,11032,136453,2025-11-14 16:00,19th Match,complete,NWEST,TIT,NORTH WEST - EASTVAAL RENAULT DRAGONS,TITANS,Senwes Park,Potchefstroom,189,6,20,196,6,20,Titans won by 7 runs,TIT,TIT,0,0,nwest-vs-tit-19th-match-csa-t20-challenge-2025
2025-26,T20 Challenge,11032,136464,2025-11-15 11:00,20th Match,complete,KZNIN,WAR,KWAZULU-NATAL INLAND TUSKERS,WARRIORS,City Oval,Pietermaritzburg,127,10,18,181,7,20,Warriors won by 54 runs,WAR,WAR,0,0,kznin-vs-war-20th-match-csa-t20-challenge-2025
2025-26,T20 Challenge,11032,136486,2025-11-16 10:00,22nd Match,complete,TIT,LIONS,TITANS,LIONS,SuperSport Park,Centurion,,,,,,,Match abandoned due to rain (no toss),,,1,0,tit-vs-lions-22nd-match-csa-t20-challenge-2025
2025-26,T20 Challenge,11032,136475,2025-11-16 11:30,21st Match,complete,WPR,DOL,WESTERN PROVINCE,DOLPHINS,Newlands,Cape Town,139,5,18.1,138,7,20,Western Province won by 5 wkts,WPR,DOL,0,0,wpr-vs-dol-21st-match-csa-t20-challenge-2025
2025-26,T20 Challenge,11032,136508,2025-11-19 11:00,24th Match,complete,LIONS,NWEST,LIONS,NORTH WEST - EASTVAAL RENAULT DRAGONS,The Wanderers Stadium,Johannesburg,181,7,20,181,6,20,Match tied (North West won the Super Over),NWEST,NWEST,0,1,lions-vs-nwest-24th-match-csa-t20-challenge-2025
2025-26,T20 Challenge,11032,136497,2025-11-19 16:00,23rd Match,complete,WAR,BOL,WARRIORS,BOLAND,St George's Park,Gqeberha,209,5,20,111,10,15.5,Warriors won by 98 runs,WAR,WAR,0,0,war-vs-bol-23rd-match-csa-t20-challenge-2025
2025-26,T20 Challenge,11032,136519,2025-11-21 10:00,25th Match,complete,WPR,LIONS,WESTERN PROVINCE,LIONS,Newlands,Cape Town,183,6,20,201,2,20,Lions won by 18 runs,LIONS,LIONS,0,0,wpr-vs-lions-25th-match-csa-t20-challenge-2025
2025-26,T20 Challenge,11032,136530,2025-11-21 11:30,26th Match,complete,TIT,DOL,TITANS,DOLPHINS,SuperSport Park,Centurion,248,3,20,104,3,7,"Dolphins won by 7 wickets (DLS method) - revised due to rain, target 104 in 7 overs",DOL,TIT,0,0,tit-vs-dol-26th-match-csa-t20-challenge-2025
2025-26,T20 Challenge,11032,136541,2025-11-22 11:00,27th Match,complete,KZNIN,BOL,KWAZULU-NATAL INLAND TUSKERS,BOLAND,City Oval,Pietermaritzburg,121,10,20,168,6,20,Boland won by 47 runs,BOL,BOL,0,0,kznin-vs-bol-27th-match-csa-t20-challenge-2025
2025-26,T20 Challenge,11032,136544,2025-11-23 11:00,28th Match,complete,DOL,LIONS,DOLPHINS,LIONS,Kingsmead,Durban,195,8,19.4,194,2,20,Dolphins won by 2 wkts,DOL,LIONS,0,0,dol-vs-lions-28th-match-csa-t20-challenge-2025
2025-26,T20 Challenge,11032,136555,2025-11-25 16:00,Qualifier 1,complete,BOL,WAR,BOLAND,WARRIORS,Boland Park,Paarl,176,3,20,171,6,20,Boland won by 5 runs,BOL,BOL,0,0,bol-vs-war-qualifier-1-csa-t20-challenge-2025
2025-26,T20 Challenge,11032,136566,2025-11-26 11:00,Eliminator,complete,DOL,WPR,DOLPHINS,WESTERN PROVINCE,Kingsmead,Durban,141,8,20,126,9,20,Dolphins won by 15 runs,DOL,DOL,0,0,dol-vs-wpr-eliminator-csa-t20-challenge-2025
2025-26,T20 Challenge,11032,136577,2025-11-28 16:00,Qualifier 2,complete,WAR,DOL,WARRIORS,DOLPHINS,St George's Park,Gqeberha,,,,64,,5.3,No result,,DOL,1,0,war-vs-dol-qualifier-2-csa-t20-challenge-2025
2025-26,T20 Challenge,11032,136588,2025-11-30 11:00,Final,complete,BOL,WAR,BOLAND,WARRIORS,Boland Park,Paarl,142,6,20,142,5,20,Match tied (Warriors won the Super Over),WAR,BOL,0,1,bol-vs-war-final-csa-t20-challenge-2025
2025-26,T20 Knock-Out,11110,136037,2025-10-24 11:00,1st Match,complete,NCAPE,KNG,NORTHERN CAPE,KNIGHTS,Diamond Oval,Kimberley,130,10,18.5,223,4,20,Knights won by 93 runs,KNG,KNG,0,0,ncape-vs-kng-1st-match-csa-t20-knock-out-competition-2025
2025-26,T20 Knock-Out,11110,136040,2025-10-25 11:00,2nd Match,complete,LIMPO,SWD,LIMPOPO,GARDEN ROUTE BADGERS,Polokwane Cricket Club,Polokwane,160,4,20,164,2,18.2,Garden Route Badgers won by 8 wkts,SWD,LIMPO,0,0,limpo-vs-grb-2nd-match-csa-t20-knock-out-competition-2025
2025-26,T20 Knock-Out,11110,136051,2025-10-26 11:00,3rd Match,complete,BOR,MPR,EASTERN CAPE,MPUMALANGA RHINOS,Buffalo Park,East London,,,,127,2,13.1,No result,,MPR,1,0,ecape-vs-mpr-3rd-match-csa-t20-knock-out-competition-2025
2025-26,T20 Knock-Out,11110,136062,2025-10-29 11:00,4th Match,complete,SWD,BOR,GARDEN ROUTE BADGERS,EASTERN CAPE,Recreation Ground,Oudtshoorn,160,6,20,162,4,17.4,Eastern Cape won by 6 wkts,BOR,SWD,0,0,grb-vs-ecape-4th-match-csa-t20-knock-out-competition-2025
2025-26,T20 Knock-Out,11110,136073,2025-10-29 11:00,5th Match,complete,KNG,LIMPO,KNIGHTS,LIMPOPO,Mangaung Oval,Bloemfontein,199,4,20,100,10,14.5,Knights won by 99 runs,KNG,KNG,0,0,kng-vs-limpo-5th-match-csa-t20-knock-out-competition-2025
2025-26,T20 Knock-Out,11110,136084,2025-10-29 11:00,6th Match,complete,ESTORM,NCAPE,EASTERN STORM,NORTHERN CAPE,Willowmoore Park,Benoni,103,10,14.1,,,,No result,,ESTORM,1,0,estorm-vs-ncape-6th-match-csa-t20-knock-out-competition-2025
2025-26,T20 Knock-Out,11110,136093,2025-11-01 11:00,8th Match,complete,MPR,ESTORM,MPUMALANGA RHINOS,EASTERN STORM,"Uplands College, White River",Mpumalanga,116,7,20,116,10,19.4,Match tied (Mpumalanga won the Super Over),MPR,MPR,0,1,mpr-vs-estorm-8th-match-csa-t20-knock-out-competition-2025
2025-26,T20 Knock-Out,11110,136092,2025-11-01 11:00,7th Match,complete,BOR,KNG,EASTERN CAPE,KNIGHTS,Buffalo Park,East London,113,6,16.1,110,7,20,Eastern Cape won by 4 wkts,BOR,KNG,0,0,ecape-vs-kng-7th-match-csa-t20-knock-out-competition-2025
2025-26,T20 Knock-Out,11110,136104,2025-11-02 11:00,9th Match,complete,NCAPE,SWD,NORTHERN CAPE,GARDEN ROUTE BADGERS,Diamond Oval,Kimberley,140,10,18.3,164,4,20,Garden Route Badgers won by 24 runs,SWD,SWD,0,0,ncape-vs-grb-9th-match-csa-t20-knock-out-competition-2025
2025-26,T20 Knock-Out,11110,136115,2025-11-03 11:00,10th Match,complete,ESTORM,BOR,EASTERN STORM,EASTERN CAPE,Willowmoore Park,Benoni,137,8,20,138,5,18,Eastern Cape won by 5 wkts,BOR,ESTORM,0,0,estorm-vs-ecape-10th-match-csa-t20-knock-out-competition-2025
2025-26,T20 Knock-Out,11110,136126,2025-11-05 11:00,11th Match,complete,LIMPO,NCAPE,LIMPOPO,NORTHERN CAPE,Polokwane Cricket Club,Polokwane,,,,,,,Match abandoned due to rain (no toss),,,1,0,limpo-vs-ncape-11th-match-csa-t20-knock-out-competition-2025
2025-26,T20 Knock-Out,11110,136137,2025-11-05 11:00,12th Match,complete,MPR,KNG,MPUMALANGA RHINOS,KNIGHTS,"Uplands College, White River",Mpumalanga,179,6,20,182,6,19.5,Knights won by 4 wkts,KNG,MPR,0,0,mpr-vs-kng-12th-match-csa-t20-knock-out-competition-2025
2025-26,T20 Knock-Out,11110,136156,2025-11-08 11:00,14th Match,complete,LIMPO,BOR,LIMPOPO,EASTERN CAPE,Polokwane Cricket Club,Polokwane,158,7,20,130,10,19.1,Limpopo won by 28 runs,LIMPO,LIMPO,0,0,limpo-vs-ecape-14th-match-csa-t20-knock-out-competition-2025
2025-26,T20 Knock-Out,11110,136148,2025-11-08 11:00,13th Match,complete,SWD,MPR,GARDEN ROUTE BADGERS,MPUMALANGA RHINOS,Recreation Ground,Oudtshoorn,128,5,16.1,124,7,20,Garden Route Badgers won by 5 wkts,SWD,MPR,0,0,grb-vs-mpr-13th-match-csa-t20-knock-out-competition-2025
2025-26,T20 Knock-Out,11110,136167,2025-11-09 11:00,15th Match,complete,KNG,ESTORM,KNIGHTS,EASTERN STORM,Mangaung Oval,Bloemfontein,114,,11.1,69,5,6,Knights won by 8 runs,KNG,KNG,0,0,kng-vs-estorm-15th-match-csa-t20-knock-out-competition-2025
2025-26,T20 Knock-Out,11110,136178,2025-11-12 11:00,16th Match,complete,SWD,ESTORM,GARDEN ROUTE BADGERS,EASTERN STORM,Recreation Ground,Oudtshoorn,176,6,20,179,4,19.1,Eastern Storm won by 6 wkts,ESTORM,SWD,0,0,grb-vs-estorm-16th-match-csa-t20-knock-out-competition-2025
2025-26,T20 Knock-Out,11110,136189,2025-11-12 11:00,17th Match,complete,BOR,NCAPE,EASTERN CAPE,NORTHERN CAPE,Buffalo Park,East London,184,4,20,115,8,20,Eastern Cape won by 69 runs,BOR,BOR,0,0,ecape-vs-ncape-17th-match-csa-t20-knock-out-competition-2025
2025-26,T20 Knock-Out,11110,136200,2025-11-12 11:00,18th Match,complete,MPR,LIMPO,MPUMALANGA RHINOS,LIMPOPO,"Uplands College, White River",Mpumalanga,123,10,19.4,114,8,20,Mpumalanga Rhinos won by 9 runs,MPR,MPR,0,0,mpr-vs-limpo-18th-match-csa-t20-knock-out-competition-2025
2025-26,T20 Knock-Out,11110,136224,2025-11-15 11:00,21st Match,complete,ESTORM,LIMPO,EASTERN STORM,LIMPOPO,Willowmoore Park,Benoni,58,2,6.1,97,7,17,Eastern Storm won by 8 wkts (DLS Method),ESTORM,LIMPO,0,0,estorm-vs-limpo-21st-match-csa-t20-knock-out-competition-2025
2025-26,T20 Knock-Out,11110,136213,2025-11-15 11:00,20th Match,complete,NCAPE,MPR,NORTHERN CAPE,MPUMALANGA RHINOS,Diamond Oval,Kimberley,,,,,,,Match abandoned due to rain (no toss),,,1,0,ncape-vs-mpr-20th-match-csa-t20-knock-out-competition-2025
2025-26,T20 Knock-Out,11110,136211,2025-11-15 11:00,19th Match,complete,KNG,SWD,KNIGHTS,GARDEN ROUTE BADGERS,Mangaung Oval,Bloemfontein,,,,,,,Match abandoned due to rain (no toss),,,1,0,kng-vs-grb-19th-match-csa-t20-knock-out-competition-2025
2025-26,T20 Knock-Out,11110,136235,2025-11-18 11:00,Qualifier 1,complete,KNG,BOR,KNIGHTS,EASTERN CAPE,Mangaung Oval,Bloemfontein,76,2,11.4,140,7,20,Knights won by 3 runs (DLS Method),KNG,BOR,0,0,kng-vs-ecape-qualifier-1-csa-t20-knock-out-competition-2025
2025-26,T20 Knock-Out,11110,136246,2025-11-19 11:00,Eliminator,complete,SWD,MPR,GARDEN ROUTE BADGERS,MPUMALANGA RHINOS,Recreation Ground,Oudtshoorn,152,6,20,109,10,19.2,Garden Route Badgers won by 43 runs,SWD,SWD,0,0,grb-vs-mpr-eliminator-csa-t20-knock-out-competition-2025
2025-26,T20 Knock-Out,11110,136257,2025-11-21 11:00,Qualifier 2,complete,BOR,SWD,EASTERN CAPE,GARDEN ROUTE BADGERS,Buffalo Park,East London,155,4,20,130,10,20,Eastern Cape won by 25 runs,BOR,BOR,0,0,ecape-vs-grb-qualifier-2-csa-t20-knock-out-competition-2025
2025-26,T20 Knock-Out,11110,136268,2025-11-23 11:00,Final,complete,KNG,BOR,KNIGHTS,EASTERN CAPE,Mangaung Oval,Bloemfontein,155,7,20,144,6,20,Knights won by 11 runs,KNG,KNG,0,0,kng-vs-ecape-final-csa-t20-knock-out-competition-2025
2026,T20 Challenge,13180,172981,2026-09-25 12:00,Pool A,Complete,WAR,NWEST,Warriors,North West - Eastvaal Renault Dragons,SuperSport Park,Centurion,128,6,20,131,3,15.3,North West  -  Eastvaal Renault Dragons won by 7 wkts,NWEST,WAR,0,0,war-vs-nwest-pool-a-csa-t20-challenge-2026
2026,T20 Challenge,13180,172991,2026-09-25 16:00,Pool B,Complete,WPR,TIT,Western Province,Titans,SuperSport Park,Centurion,186,4,20,190,5,14.5,Titans won by 5 wkts,TIT,WPR,0,0,wpr-vs-tit-pool-b-csa-t20-challenge-2026
2026,T20 Challenge,13180,173001,2026-09-26 11:00,Pool A,Abandon,NCAPE,BOR,Northern Cape,Border,Diamond Oval,Kimberley,,,,,,,Match abandoned due to rain (No toss),,,1,0,ncape-vs-bor-pool-a-csa-t20-challenge-2026
2026,T20 Challenge,13180,173010,2026-09-27 11:00,Pool A,Complete,LIONS,DOL,Lions,Dolphins,Kingsmead,Durban,202,4,20,194,6,20,Lions won by 8 runs,LIONS,LIONS,0,0,lions-vs-dol-pool-a-csa-t20-challenge-2026
2026,T20 Challenge,13180,173027,2026-09-27 11:00,Pool B,Complete,MPR,TIT,Mpumalanga Rhinos,Titans,"Uplands College, White River",Mpumalanga,75,2,6,79,1,5,Titans won by 9 wkts  -  6 over game due to rain,TIT,MPR,0,0,mpr-vs-tit-pool-b-csa-t20-challenge-2026
2026,T20 Challenge,13180,173017,2026-09-27 16:00,Pool B,Complete,KNG,WPR,Knights,Western Province,Newlands,Cape Town,168,7,20,169,5,19.4,Western Province won by 5 wkts,WPR,KNG,0,0,kng-vs-wpr-pool-b-csa-t20-challenge-2026
2026,T20 Challenge,13180,173031,2026-09-28 11:00,Pool A,Complete,BOR,NWEST,Border,North West - Eastvaal Renault Dragons,Buffalo Park,East London,151,4,20,138,9,20,Border won by 13 runs,BOR,BOR,0,0,bor-vs-nwest-pool-a-csa-t20-challenge-2026
2026,T20 Challenge,13180,173127,2026-09-29 11:00,Pool B,Abandon,SAEP,KZNIN,South Africa Emerging Players,KwaZulu-Natal Inland Tuskers,LC de Villiers Oval,Pretoria,,,,,,,Match abandoned due to rain (No toss),,,1,0,saep-vs-kznin-pool-b-csa-t20-challenge-2026
2026,T20 Challenge,13180,173133,2026-09-29 12:00,Pool A,Complete,WAR,LIMPO,Warriors,Limpopo,St George's Park,Gqeberha,175,4,20,140,8,20,Warriors won by 35 runs,WAR,WAR,0,0,war-vs-limpo-pool-a-csa-t20-challenge-2026
2026,T20 Challenge,13180,173143,2026-09-29 16:00,Pool B,Complete,KNG,BOL,Knights,Boland,Boland Park,Paarl,160,5,20,161,5,20,Boland won by 5 wkts,BOL,KNG,0,0,kng-vs-bol-pool-b-csa-t20-challenge-2026
2026,T20 Challenge,13180,173153,2026-09-30 16:00,Pool A,Toss,DOL,NCAPE,Dolphins,Northern Cape,Kingsmead,Durban,,,,,,,Dolphins opt to bat,,,0,0,dol-vs-ncape-pool-a-csa-t20-challenge-2026
2026,T20 Challenge,13180,173163,2026-09-30 16:00,Pool B,Abandon,ESTORM,MPR,Eastern Storm,Mpumalanga Rhinos,Willowmoore Park,Benoni,,,,,,,Match abandoned due to rain (With toss),,,1,0,estorm-vs-mpr-pool-b-csa-t20-challenge-2026
2026,T20 Challenge,13180,173170,2026-10-01 11:00,Pool A,Preview,SWD,BOR,South Western Districts,Border,Recreation Ground,Oudtshoorn,,,,,,,"Match starts at Oct 01, 11:00 GMT",,,0,0,swd-vs-bor-pool-a-csa-t20-challenge-2026
2026,T20 Challenge,13180,173187,2026-10-02 11:00,Pool B,Upcoming,MPR,KZNIN,Mpumalanga Rhinos,KwaZulu-Natal Inland Tuskers,"Uplands College, White River",Mpumalanga,,,,,,,"Match starts at Oct 02, 11:00 GMT",,,0,0,mpr-vs-kznin-pool-b-csa-t20-challenge-2026
2026,T20 Challenge,13180,173180,2026-10-02 16:00,Pool B,Upcoming,KNG,TIT,Knights,Titans,Mangaung Oval,Bloemfontein,,,,,,,"Match starts at Oct 02, 16:00 GMT",,,0,0,kng-vs-tit-pool-b-csa-t20-challenge-2026
2026,T20 Challenge,13180,173197,2026-10-02 16:00,Pool A,Upcoming,LIONS,NWEST,Lions,North West - Eastvaal Renault Dragons,The Wanderers Stadium,Johannesburg,,,,,,,"Match starts at Oct 02, 16:00 GMT",,,0,0,lions-vs-nwest-pool-a-csa-t20-challenge-2026
2026,T20 Challenge,13180,173191,2026-10-04 11:00,Pool A,Upcoming,LIMPO,DOL,Limpopo,Dolphins,Polokwane Cricket Club,Polokwane,,,,,,,"Match starts at Oct 04, 11:00 GMT",,,0,0,limpo-vs-dol-pool-a-csa-t20-challenge-2026
2026,T20 Challenge,13180,173220,2026-10-04 11:00,Pool B,Upcoming,KZNIN,BOL,KwaZulu-Natal Inland Tuskers,Boland,City Oval,Pietermaritzburg,,,,,,,"Match starts at Oct 04, 11:00 GMT",,,0,0,kznin-vs-bol-pool-b-csa-t20-challenge-2026
2026,T20 Challenge,13180,173217,2026-10-04 16:00,Pool A,Upcoming,WAR,LIONS,Warriors,Lions,St George's Park,Gqeberha,,,,,,,"Match starts at Oct 04, 16:00 GMT",,,0,0,war-vs-lions-pool-a-csa-t20-challenge-2026
2026,T20 Challenge,13180,173207,2026-10-04 16:00,Pool B,Upcoming,WPR,SAEP,Western Province,South Africa Emerging Players,Newlands,Cape Town,,,,,,,"Match starts at Oct 04, 16:00 GMT",,,0,0,wpr-vs-saep-pool-b-csa-t20-challenge-2026
2026,T20 Challenge,13180,173227,2026-10-05 11:00,Pool A,Upcoming,LIMPO,SWD,Limpopo,South Western Districts,Polokwane Cricket Club,Polokwane,,,,,,,"Match starts at Oct 05, 11:00 GMT",,,0,0,limpo-vs-swd-pool-a-csa-t20-challenge-2026
2026,T20 Challenge,13180,173237,2026-10-06 16:00,Pool B,Upcoming,WPR,ESTORM,Western Province,Eastern Storm,Newlands,Cape Town,,,,,,,"Match starts at Oct 06, 16:00 GMT",,,0,0,wpr-vs-estorm-pool-b-csa-t20-challenge-2026
2026,T20 Challenge,13180,173257,2026-10-07 11:00,Pool A,Upcoming,SWD,LIONS,South Western Districts,Lions,Recreation Ground,Oudtshoorn,,,,,,,"Match starts at Oct 07, 11:00 GMT",,,0,0,swd-vs-lions-pool-a-csa-t20-challenge-2026
2026,T20 Challenge,13180,173247,2026-10-07 16:00,Pool B,Upcoming,KNG,KZNIN,Knights,KwaZulu-Natal Inland Tuskers,Mangaung Oval,Bloemfontein,,,,,,,"Match starts at Oct 07, 16:00 GMT",,,0,0,kng-vs-kznin-pool-b-csa-t20-challenge-2026
2026,T20 Challenge,13180,173267,2026-10-07 16:00,Pool B,Upcoming,TIT,SAEP,Titans,South Africa Emerging Players,SuperSport Park,Centurion,,,,,,,"Match starts at Oct 07, 16:00 GMT",,,0,0,tit-vs-saep-pool-b-csa-t20-challenge-2026
2026,T20 Challenge,13180,173277,2026-10-08 16:00,Pool B,Upcoming,BOL,ESTORM,Boland,Eastern Storm,Boland Park,Paarl,,,,,,,"Match starts at Oct 08, 16:00 GMT",,,0,0,bol-vs-estorm-pool-b-csa-t20-challenge-2026
2026,T20 Challenge,13180,173297,2026-10-08 16:00,Pool A,Upcoming,WAR,NCAPE,Warriors,Northern Cape,St George's Park,Gqeberha,,,,,,,"Match starts at Oct 08, 16:00 GMT",,,0,0,war-vs-ncape-pool-a-csa-t20-challenge-2026
2026,T20 Challenge,13180,173287,2026-10-09 11:00,Pool A,Upcoming,BOR,DOL,Border,Dolphins,Buffalo Park,East London,,,,,,,"Match starts at Oct 09, 11:00 GMT",,,0,0,bor-vs-dol-pool-a-csa-t20-challenge-2026
2026,T20 Challenge,13180,173307,2026-10-10 11:00,Pool B,Upcoming,MPR,WPR,Mpumalanga Rhinos,Western Province,"Uplands College, White River",Mpumalanga,,,,,,,"Match starts at Oct 10, 11:00 GMT",,,0,0,mpr-vs-wpr-pool-b-csa-t20-challenge-2026
2026,T20 Challenge,13180,173317,2026-10-10 16:00,Pool A,Upcoming,NWEST,SWD,North West - Eastvaal Renault Dragons,South Western Districts,Senwes Park,Potchefstroom,,,,,,,"Match starts at Oct 10, 16:00 GMT",,,0,0,nwest-vs-swd-pool-a-csa-t20-challenge-2026
2026,T20 Challenge,13180,173320,2026-10-11 11:00,Pool B,Upcoming,TIT,ESTORM,Titans,Eastern Storm,SuperSport Park,Centurion,,,,,,,"Match starts at Oct 11, 11:00 GMT",,,0,0,tit-vs-estorm-pool-b-csa-t20-challenge-2026
2026,T20 Challenge,13180,173327,2026-10-11 11:00,Pool B,Upcoming,SAEP,BOL,South Africa Emerging Players,Boland,LC de Villiers Oval,Pretoria,,,,,,,"Match starts at Oct 11, 11:00 GMT",,,0,0,saep-vs-bol-pool-b-csa-t20-challenge-2026
2026,T20 Challenge,13180,173337,2026-10-13 11:00,Pool B,Upcoming,KZNIN,TIT,KwaZulu-Natal Inland Tuskers,Titans,City Oval,Pietermaritzburg,,,,,,,"Match starts at Oct 13, 11:00 GMT",,,0,0,kznin-vs-tit-pool-b-csa-t20-challenge-2026
2026,T20 Challenge,13180,174254,2026-10-13 11:00,Pool A,Upcoming,NCAPE,LIMPO,Northern Cape,Limpopo,Diamond Oval,Kimberley,,,,,,,"Match starts at Oct 13, 11:00 GMT",,,0,0,ncape-vs-limpo-pool-a-csa-t20-challenge-2026
2026,T20 Challenge,13180,173333,2026-10-13 16:00,Pool A,Upcoming,LIONS,BOR,Lions,Border,The Wanderers Stadium,Johannesburg,,,,,,,"Match starts at Oct 13, 16:00 GMT",,,0,0,lions-vs-bor-pool-a-csa-t20-challenge-2026
2026,T20 Challenge,13180,173341,2026-10-13 16:00,Pool A,Upcoming,NWEST,DOL,North West - Eastvaal Renault Dragons,Dolphins,Senwes Park,Potchefstroom,,,,,,,"Match starts at Oct 13, 16:00 GMT",,,0,0,nwest-vs-dol-pool-a-csa-t20-challenge-2026
2026,T20 Challenge,13180,173367,2026-10-14 16:00,Pool B,Upcoming,KNG,ESTORM,Knights,Eastern Storm,Mangaung Oval,Bloemfontein,,,,,,,"Match starts at Oct 14, 16:00 GMT",,,0,0,kng-vs-estorm-pool-b-csa-t20-challenge-2026
2026,T20 Challenge,13180,173351,2026-10-14 16:00,Pool B,Upcoming,WPR,BOL,Western Province,Boland,Newlands,Cape Town,,,,,,,"Match starts at Oct 14, 16:00 GMT",,,0,0,wpr-vs-bol-pool-b-csa-t20-challenge-2026
2026,T20 Challenge,13180,173361,2026-10-16 11:00,Pool A,Upcoming,SWD,WAR,South Western Districts,Warriors,Recreation Ground,Oudtshoorn,,,,,,,"Match starts at Oct 16, 11:00 GMT",,,0,0,swd-vs-war-pool-a-csa-t20-challenge-2026
2026,T20 Challenge,13180,173377,2026-10-16 11:00,Pool A,Upcoming,LIMPO,BOR,Limpopo,Border,Polokwane Cricket Club,Polokwane,,,,,,,"Match starts at Oct 16, 11:00 GMT",,,0,0,limpo-vs-bor-pool-a-csa-t20-challenge-2026
2026,T20 Challenge,13180,173397,2026-10-17 16:00,Pool B,Upcoming,BOL,MPR,Boland,Mpumalanga Rhinos,Boland Park,Paarl,,,,,,,"Match starts at Oct 17, 16:00 GMT",,,0,0,bol-vs-mpr-pool-b-csa-t20-challenge-2026
2026,T20 Challenge,13180,173387,2026-10-18 11:00,Pool A,Upcoming,LIONS,NCAPE,Lions,Northern Cape,The Wanderers Stadium,Johannesburg,,,,,,,"Match starts at Oct 18, 11:00 GMT",,,0,0,lions-vs-ncape-pool-a-csa-t20-challenge-2026
2026,T20 Challenge,13180,173407,2026-10-18 11:00,Pool B,Upcoming,SAEP,KNG,South Africa Emerging Players,Knights,LC de Villiers Oval,Pretoria,,,,,,,"Match starts at Oct 18, 11:00 GMT",,,0,0,saep-vs-kng-pool-b-csa-t20-challenge-2026
2026,T20 Challenge,13180,173411,2026-10-20 11:00,Pool A,Upcoming,DOL,WAR,Dolphins,Warriors,Kingsmead,Durban,,,,,,,"Match starts at Oct 20, 11:00 GMT",,,0,0,dol-vs-war-pool-a-csa-t20-challenge-2026
2026,T20 Challenge,13180,173427,2026-10-21 11:00,Pool A,Upcoming,NCAPE,SWD,Northern Cape,South Western Districts,Diamond Oval,Kimberley,,,,,,,"Match starts at Oct 21, 11:00 GMT",,,0,0,ncape-vs-swd-pool-a-csa-t20-challenge-2026
2026,T20 Challenge,13180,173421,2026-10-21 16:00,Pool A,Upcoming,NWEST,LIMPO,North West - Eastvaal Renault Dragons,Limpopo,Senwes Park,Potchefstroom,,,,,,,"Match starts at Oct 21, 16:00 GMT",,,0,0,nwest-vs-limpo-pool-a-csa-t20-challenge-2026
2026,T20 Challenge,13180,173447,2026-10-22 11:00,Pool B,Upcoming,MPR,SAEP,Mpumalanga Rhinos,South Africa Emerging Players,"Uplands College, White River",Mpumalanga,,,,,,,"Match starts at Oct 22, 11:00 GMT",,,0,0,mpr-vs-saep-pool-b-csa-t20-challenge-2026
2026,T20 Challenge,13180,173437,2026-10-22 11:00,Pool B,Upcoming,ESTORM,KZNIN,Eastern Storm,KwaZulu-Natal Inland Tuskers,Willowmoore Park,Benoni,,,,,,,"Match starts at Oct 22, 11:00 GMT",,,0,0,estorm-vs-kznin-pool-b-csa-t20-challenge-2026
2026,T20 Challenge,13180,173470,2026-10-23 16:00,Pool A,Upcoming,DOL,SWD,Dolphins,South Western Districts,Kingsmead,Durban,,,,,,,"Match starts at Oct 23, 16:00 GMT",,,0,0,dol-vs-swd-pool-a-csa-t20-challenge-2026
2026,T20 Challenge,13180,173457,2026-10-24 11:00,Pool A,Upcoming,LIONS,LIMPO,Lions,Limpopo,The Wanderers Stadium,Johannesburg,,,,,,,"Match starts at Oct 24, 11:00 GMT",,,0,0,lions-vs-limpo-pool-a-csa-t20-challenge-2026
2026,T20 Challenge,13180,173467,2026-10-24 11:00,Pool A,Upcoming,BOR,WAR,Border,Warriors,Buffalo Park,East London,,,,,,,"Match starts at Oct 24, 11:00 GMT",,,0,0,bor-vs-war-pool-a-csa-t20-challenge-2026
2026,T20 Challenge,13180,173477,2026-10-24 16:00,Pool B,Upcoming,KNG,MPR,Knights,Mpumalanga Rhinos,Mangaung Oval,Bloemfontein,,,,,,,"Match starts at Oct 24, 16:00 GMT",,,0,0,kng-vs-mpr-pool-b-csa-t20-challenge-2026
2026,T20 Challenge,13180,173511,2026-10-25 11:00,Pool B,Upcoming,ESTORM,SAEP,Eastern Storm,South Africa Emerging Players,Willowmoore Park,Benoni,,,,,,,"Match starts at Oct 25, 11:00 GMT",,,0,0,estorm-vs-saep-pool-b-csa-t20-challenge-2026
2026,T20 Challenge,13180,173507,2026-10-25 11:00,Pool B,Upcoming,KZNIN,WPR,KwaZulu-Natal Inland Tuskers,Western Province,City Oval,Pietermaritzburg,,,,,,,"Match starts at Oct 25, 11:00 GMT",,,0,0,kznin-vs-wpr-pool-b-csa-t20-challenge-2026
2026,T20 Challenge,13180,173497,2026-10-25 11:00,Pool A,Upcoming,NWEST,NCAPE,North West - Eastvaal Renault Dragons,Northern Cape,Senwes Park,Potchefstroom,,,,,,,"Match starts at Oct 25, 11:00 GMT",,,0,0,nwest-vs-ncape-pool-a-csa-t20-challenge-2026
2026,T20 Challenge,13180,173487,2026-10-25 11:00,Pool B,Upcoming,BOL,TIT,Boland,Titans,Boland Park,Paarl,,,,,,,"Match starts at Oct 25, 11:00 GMT",,,0,0,bol-vs-tit-pool-b-csa-t20-challenge-2026
2026,T20 Challenge,13180,173517,2026-10-26 11:00,Super Eights,Upcoming,TBC,TBC,TBC,TBC,TBC,TBC,,,,,,,"Match starts at Oct 26, 11:00 GMT",,,0,0,tbc-vs-tbc-super-eights-csa-t20-challenge-2026
2026,T20 Challenge,13180,173527,2026-10-27 11:00,Super Eights,Upcoming,TBC,TBC,TBC,TBC,TBC,TBC,,,,,,,"Match starts at Oct 27, 11:00 GMT",,,0,0,tbc-vs-tbc-super-eights-csa-t20-challenge-2026
2026,T20 Challenge,13180,173537,2026-10-28 11:00,Super Eights,Upcoming,TBC,TBC,TBC,TBC,TBC,TBC,,,,,,,"Match starts at Oct 28, 11:00 GMT",,,0,0,tbc-vs-tbc-super-eights-csa-t20-challenge-2026
2026,T20 Challenge,13180,173547,2026-10-29 11:00,Super Eights,Upcoming,TBC,TBC,TBC,TBC,TBC,TBC,,,,,,,"Match starts at Oct 29, 11:00 GMT",,,0,0,tbc-vs-tbc-super-eights-csa-t20-challenge-2026
2026,T20 Challenge,13180,173557,2026-10-30 11:00,Super Eights,Upcoming,TBC,TBC,TBC,TBC,TBC,TBC,,,,,,,"Match starts at Oct 30, 11:00 GMT",,,0,0,tbc-vs-tbc-super-eights-csa-t20-challenge-2026
2026,T20 Challenge,13180,173567,2026-10-31 11:00,Super Eights,Upcoming,TBC,TBC,TBC,TBC,TBC,TBC,,,,,,,"Match starts at Oct 31, 11:00 GMT",,,0,0,tbc-vs-tbc-super-eights-csa-t20-challenge-2026
2026,T20 Challenge,13180,173577,2026-11-01 11:00,Super Eights,Upcoming,TBC,TBC,TBC,TBC,TBC,TBC,,,,,,,"Match starts at Nov 01, 11:00 GMT",,,0,0,tbc-vs-tbc-super-eights-csa-t20-challenge-2026
2026,T20 Challenge,13180,173587,2026-11-02 11:00,Super Eights,Upcoming,TBC,TBC,TBC,TBC,TBC,TBC,,,,,,,"Match starts at Nov 02, 11:00 GMT",,,0,0,tbc-vs-tbc-super-eights-csa-t20-challenge-2026
2026,T20 Challenge,13180,174265,2026-11-03 11:00,Super Eights,Upcoming,TBC,TBC,TBC,TBC,TBC,TBC,,,,,,,"Match starts at Nov 03, 11:00 GMT",,,0,0,tbc-vs-tbc-super-eights-csa-t20-challenge-2026
2026,T20 Challenge,13180,174276,2026-11-03 11:00,Super Eights,Upcoming,TBC,TBC,TBC,TBC,TBC,TBC,,,,,,,"Match starts at Nov 03, 11:00 GMT",,,0,0,tbc-vs-tbc-super-eights-csa-t20-challenge-2026
2026,T20 Challenge,13180,174284,2026-11-05 11:00,Super Eights,Upcoming,TBC,TBC,TBC,TBC,TBC,TBC,,,,,,,"Match starts at Nov 05, 11:00 GMT",,,0,0,tbc-vs-tbc-super-eights-csa-t20-challenge-2026
2026,T20 Challenge,13180,174285,2026-11-06 11:00,Super Eights,Upcoming,TBC,TBC,TBC,TBC,TBC,TBC,,,,,,,"Match starts at Nov 06, 11:00 GMT",,,0,0,tbc-vs-tbc-super-eights-csa-t20-challenge-2026
2026,T20 Challenge,13180,173597,2026-11-13 11:00,1st Semi-Final,Upcoming,TBC,TBC,TBC,TBC,TBC,TBC,,,,,,,"Match starts at Nov 13, 11:00 GMT",,,0,0,tbc-vs-tbc-1st-semi-final-csa-t20-challenge-2026
2026,T20 Challenge,13180,173607,2026-11-13 16:00,2nd Semi-Final,Upcoming,TBC,TBC,TBC,TBC,TBC,TBC,,,,,,,"Match starts at Nov 13, 16:00 GMT",,,0,0,tbc-vs-tbc-2nd-semi-final-csa-t20-challenge-2026
2026,T20 Challenge,13180,173617,2026-11-14 11:00,Final,Upcoming,TBC,TBC,TBC,TBC,TBC,TBC,,,,,,,"Match starts at Nov 14, 11:00 GMT",,,0,0,tbc-vs-tbc-final-csa-t20-challenge-2026
